/* TOTAL OF 0 ERRORS WHILE BUILDING METADATA STRUCTURE. */
BEGIN TRANSACTION;
/* TABLE PESSOA */
/* NULL INSERTION FOR ATTRIBUTEEMAILAT TABLEPESSOA */
INSERT INTO PESSOA ( --, CPF, EMAIL, NOME )
	VALUES ( None, '233.495.138-51', NULL, 'Provident illo repellat assumenda corporis praesentium deserunt. Fugiat ab eaque facere maxime inventore dignissim' );
/* NULL INSERTION FOR ATTRIBUTE--AT TABLEPESSOA */
INSERT INTO PESSOA ( --, CPF, EMAIL, NOME )
	VALUES ( NULL, '589.879.114-56', 'Repellat aliquam delectus alias. Cumque autem optio laudantium incidunt repellendus.Exercitationem laudantium accusamus minima repudiandae ratione.', 'Ad delectus modi minima earum ab eligendi.Dolorum laudantium vel assumenda omnis. Corrupt' );
INSERT INTO PESSOA ( --, CPF, EMAIL, NOME )
	VALUES ( None, '540.029.224-24', 'Eveniet eos dolores ex laboriosam eveniet eligendi. Veniam quod repudiandae natus corporis culpa facere adipisci. Libero vitae accusamus illum pariatur explicabo veritatis blanditiis.', 'Dolorum nulla inventore maxime. Dignissimos repellat molestias aspernatur v' );
INSERT INTO PESSOA ( --, CPF, EMAIL, NOME )
	VALUES ( None, '691.016.561-88', 'Tenetur enim eum impedit qui aspernatur rem. Voluptatem veniam odit quasi optio harum. Voluptas alias dolores modi cum modi sit.', 'Recusandae ipsum voluptas molestiae perspiciatis. Id facere eum iste.Nulla alias' );
INSERT INTO PESSOA ( --, CPF, EMAIL, NOME )
	VALUES ( None, '763.476.182-47', 'At sed commodi temporibus eos dolor fugiat. Minus saepe expedita excepturi vero commodi eaque.Iste suscipit ipsa saepe illo. Sint officiis sapiente velit recusandae expedita ea.', 'Ea occaecati amet ipsa quibusdam excepturi alias. Modi sit atque odio itaque eius. Est magni sint.Quas dicta adipisci nih' );
INSERT INTO PESSOA ( --, CPF, EMAIL, NOME )
	VALUES ( None, '428.206.428-55', 'Quas necessitatibus officia earum suscipit deserunt. Consequuntur unde odit quo. Velit sapiente nulla molestiae natus enim. Exercitationem libero vero repellat.', 'Perferendis molestiae enim explicabo enim molestiae sunt. Cupiditate possimus vero quisquam corrupti' );
INSERT INTO PESSOA ( --, CPF, EMAIL, NOME )
	VALUES ( None, '775.408.642-72', 'Optio sequi omnis sequi. Nesciunt dignissimos nesciunt voluptatibus.Harum fuga debitis minus. Vel cumque eos asperiores nam debitis.', 'Nostrum quis quae itaque. Magni quos iusto velit.Laudantium expedita labore iste. Suscipit in dicta consectetur des' );

/* TABLE CLIENTE */
INSERT INTO CLIENTE ( CPF )
	VALUES ( '691.016.561-88' );
INSERT INTO CLIENTE ( CPF )
	VALUES ( '540.029.224-24' );
INSERT INTO CLIENTE ( CPF )
	VALUES ( '763.476.182-47' );
INSERT INTO CLIENTE ( CPF )
	VALUES ( '428.206.428-55' );
INSERT INTO CLIENTE ( CPF )
	VALUES ( '775.408.642-72' );

/* TABLE FUNCIONARIO */
INSERT INTO FUNCIONARIO ( CPF, FUNCAO, SALARIO )
	VALUES ( '428.206.428-55', 'Fugiat occaecati numquam d', 9603.51 );
INSERT INTO FUNCIONARIO ( CPF, FUNCAO, SALARIO )
	VALUES ( '691.016.561-88', 'Ut quibusdam susci', 46907.26 );
INSERT INTO FUNCIONARIO ( CPF, FUNCAO, SALARIO )
	VALUES ( '540.029.224-24', 'Autem voluptatum lab', -38535.53 );
INSERT INTO FUNCIONARIO ( CPF, FUNCAO, SALARIO )
	VALUES ( '775.408.642-72', 'Sequi praesentium odio repel', -49004.1 );
INSERT INTO FUNCIONARIO ( CPF, FUNCAO, SALARIO )
	VALUES ( '763.476.182-47', 'Sit perferendis no', 98882.48 );

/* TABLE ESPECIALISTA */
INSERT INTO ESPECIALISTA ( ESPECIALIDADE, CPF, TAXA_HORA )
	VALUES ( 'Ea explicabo laudantium dict', '775.408.642-72', 93666.35 );
INSERT INTO ESPECIALISTA ( ESPECIALIDADE, CPF, TAXA_HORA )
	VALUES ( 'Debitis nihil sunt molestias ', '428.206.428-55', -54422.76 );
INSERT INTO ESPECIALISTA ( ESPECIALIDADE, CPF, TAXA_HORA )
	VALUES ( 'Laboriosam magnam opt', '540.029.224-24', 66651.35 );
INSERT INTO ESPECIALISTA ( ESPECIALIDADE, CPF, TAXA_HORA )
	VALUES ( 'Quae recusandae fugit. Simil', '763.476.182-47', 65309.81 );
INSERT INTO ESPECIALISTA ( ESPECIALIDADE, CPF, TAXA_HORA )
	VALUES ( 'Sapiente ad corporis id volupta', '691.016.561-88', -28411.95 );

/* TABLE CONTRATO_ESPECIALISTA */
INSERT INTO CONTRATO_ESPECIALISTA ( ESPECIALISTA, DATA_INICIO, DURACAO )
	VALUES ( '540.029.224-24', to_date ('2017-08-27', 'YYYY-MM-DD'), 242273 );
INSERT INTO CONTRATO_ESPECIALISTA ( ESPECIALISTA, DATA_INICIO, DURACAO )
	VALUES ( '428.206.428-55', to_date ('2018-04-28', 'YYYY-MM-DD'), 237699 );
INSERT INTO CONTRATO_ESPECIALISTA ( ESPECIALISTA, DATA_INICIO, DURACAO )
	VALUES ( '763.476.182-47', to_date ('2013-11-04', 'YYYY-MM-DD'), 808736 );
INSERT INTO CONTRATO_ESPECIALISTA ( ESPECIALISTA, DATA_INICIO, DURACAO )
	VALUES ( '691.016.561-88', to_date ('2013-09-29', 'YYYY-MM-DD'), 391214 );
INSERT INTO CONTRATO_ESPECIALISTA ( ESPECIALISTA, DATA_INICIO, DURACAO )
	VALUES ( '763.476.182-47', to_date ('2007-09-16', 'YYYY-MM-DD'), 273835 );

/* TABLE BARTENDER */
INSERT INTO BARTENDER ( CPF )
	VALUES ( '763.476.182-47' );
INSERT INTO BARTENDER ( CPF )
	VALUES ( '775.408.642-72' );
INSERT INTO BARTENDER ( CPF )
	VALUES ( '428.206.428-55' );
INSERT INTO BARTENDER ( CPF )
	VALUES ( '540.029.224-24' );
INSERT INTO BARTENDER ( CPF )
	VALUES ( '691.016.561-88' );

/* TABLE COPEIRO */
INSERT INTO COPEIRO ( CPF )
	VALUES ( '775.408.642-72' );
INSERT INTO COPEIRO ( CPF )
	VALUES ( '763.476.182-47' );
INSERT INTO COPEIRO ( CPF )
	VALUES ( '428.206.428-55' );
INSERT INTO COPEIRO ( CPF )
	VALUES ( '691.016.561-88' );
INSERT INTO COPEIRO ( CPF )
	VALUES ( '540.029.224-24' );

/* TABLE CHEF */
INSERT INTO CHEF ( CPF )
	VALUES ( '763.476.182-47' );
INSERT INTO CHEF ( CPF )
	VALUES ( '691.016.561-88' );
INSERT INTO CHEF ( CPF )
	VALUES ( '775.408.642-72' );
INSERT INTO CHEF ( CPF )
	VALUES ( '540.029.224-24' );
INSERT INTO CHEF ( CPF )
	VALUES ( '428.206.428-55' );

/* TABLE MAITRE */
INSERT INTO MAITRE ( CPF )
	VALUES ( '763.476.182-47' );
INSERT INTO MAITRE ( CPF )
	VALUES ( '540.029.224-24' );
INSERT INTO MAITRE ( CPF )
	VALUES ( '428.206.428-55' );
INSERT INTO MAITRE ( CPF )
	VALUES ( '691.016.561-88' );
INSERT INTO MAITRE ( CPF )
	VALUES ( '775.408.642-72' );

/* TABLE TELEFONES */
INSERT INTO TELEFONES ( PESSOA, TELEFONE )
	VALUES ( '428.206.428-55', 'Vero explica' );
INSERT INTO TELEFONES ( PESSOA, TELEFONE )
	VALUES ( '428.206.428-55', 'Eligendi facer' );
INSERT INTO TELEFONES ( PESSOA, TELEFONE )
	VALUES ( '691.016.561-88', 'Consequatur iur' );
INSERT INTO TELEFONES ( PESSOA, TELEFONE )
	VALUES ( '428.206.428-55', 'In praesentiu' );
INSERT INTO TELEFONES ( PESSOA, TELEFONE )
	VALUES ( '775.408.642-72', 'Fugiat simi' );

/* TABLE EVENTO */
/* NULL INSERTION FOR ATTRIBUTEVALORAT TABLEEVENTO */
INSERT INTO EVENTO ( METODOPAGAMENTO, --, DATAHORA, VALOR, CATEGORIA, CLIENTE )
	VALUES ( 'Doloribus fuga', None, to_date ('2015-10-23', 'YYYY-MM-DD'), NULL, 'FORMATURA', '540.029.224-24' );
/* NULL INSERTION FOR ATTRIBUTE--AT TABLEEVENTO */
INSERT INTO EVENTO ( METODOPAGAMENTO, --, DATAHORA, VALOR, CATEGORIA, CLIENTE )
	VALUES ( 'Quam cumque e', NULL, to_date ('2000-10-05', 'YYYY-MM-DD'), 43993.09, 'CASAMENTO', '428.206.428-55' );
/* NULL INSERTION FOR ATTRIBUTEMETODOPAGAMENTOAT TABLEEVENTO */
INSERT INTO EVENTO ( METODOPAGAMENTO, --, DATAHORA, VALOR, CATEGORIA, CLIENTE )
	VALUES ( NULL, None, to_date ('2002-02-19', 'YYYY-MM-DD'), -70241.55, 'CASAMENTO', '428.206.428-55' );
INSERT INTO EVENTO ( METODOPAGAMENTO, --, DATAHORA, VALOR, CATEGORIA, CLIENTE )
	VALUES ( 'Odit quisq', None, to_date ('2011-08-24', 'YYYY-MM-DD'), 5734.96, 'CASAMENTO', '428.206.428-55' );
INSERT INTO EVENTO ( METODOPAGAMENTO, --, DATAHORA, VALOR, CATEGORIA, CLIENTE )
	VALUES ( 'Repellat quo ', None, to_date ('2003-02-28', 'YYYY-MM-DD'), 83345.84, 'FORMATURA', '763.476.182-47' );
INSERT INTO EVENTO ( METODOPAGAMENTO, --, DATAHORA, VALOR, CATEGORIA, CLIENTE )
	VALUES ( 'Nobis adipisci t', None, to_date ('2015-05-05', 'YYYY-MM-DD'), -55531.79, 'FORMATURA', '540.029.224-24' );
INSERT INTO EVENTO ( METODOPAGAMENTO, --, DATAHORA, VALOR, CATEGORIA, CLIENTE )
	VALUES ( 'Eos doloremque i', None, to_date ('2014-10-29', 'YYYY-MM-DD'), -31363.3, 'CASAMENTO', '763.476.182-47' );
INSERT INTO EVENTO ( METODOPAGAMENTO, --, DATAHORA, VALOR, CATEGORIA, CLIENTE )
	VALUES ( 'Repellat cor', None, to_date ('2002-06-05', 'YYYY-MM-DD'), 36792.8, 'CASAMENTO', '428.206.428-55' );

/* TABLE FUNCIONARIO_EVENTO */
INSERT INTO FUNCIONARIO_EVENTO ( FUNCIONARIO, DATAHORA, CLIENTE )
	VALUES ( '763.476.182-47', to_date ('2015-05-05', 'YYYY-MM-DD'), '540.029.224-24' );
INSERT INTO FUNCIONARIO_EVENTO ( FUNCIONARIO, DATAHORA, CLIENTE )
	VALUES ( '540.029.224-24', to_date ('2015-05-05', 'YYYY-MM-DD'), '540.029.224-24' );
INSERT INTO FUNCIONARIO_EVENTO ( FUNCIONARIO, DATAHORA, CLIENTE )
	VALUES ( '428.206.428-55', to_date ('2003-02-28', 'YYYY-MM-DD'), '763.476.182-47' );
INSERT INTO FUNCIONARIO_EVENTO ( FUNCIONARIO, DATAHORA, CLIENTE )
	VALUES ( '540.029.224-24', to_date ('2011-08-24', 'YYYY-MM-DD'), '428.206.428-55' );
INSERT INTO FUNCIONARIO_EVENTO ( FUNCIONARIO, DATAHORA, CLIENTE )
	VALUES ( '540.029.224-24', to_date ('2002-06-05', 'YYYY-MM-DD'), '428.206.428-55' );

/* TABLE LOCAL */
/* NULL INSERTION FOR ATTRIBUTECAPACIDADEAT TABLELOCAL */
INSERT INTO LOCAL ( TIPO, RUA, COMPLEMENTO, CIDADE, CEP, CAPACIDADE, NUMERO )
	VALUES ( 'SALAO', 'Incidunt quisquam ducimu', 'Numquam eum unde quidem do', 'Similique pariatur hic eius anim', '68634-793', NULL, 511641 );
/* NULL INSERTION FOR ATTRIBUTECOMPLEMENTOAT TABLELOCAL */
INSERT INTO LOCAL ( TIPO, RUA, COMPLEMENTO, CIDADE, CEP, CAPACIDADE, NUMERO )
	VALUES ( 'SALAO', 'Ipsam illo culpa culpa s', NULL, 'Fugit accusantium aliquam n', '18080-916', 750295, 833384 );
INSERT INTO LOCAL ( TIPO, RUA, COMPLEMENTO, CIDADE, CEP, CAPACIDADE, NUMERO )
	VALUES ( 'CAMPO', 'Distinctio facilis volupt', 'Veniam cumque quos', 'Magnam delectus d', '79580-577', 139853, 406336 );
INSERT INTO LOCAL ( TIPO, RUA, COMPLEMENTO, CIDADE, CEP, CAPACIDADE, NUMERO )
	VALUES ( 'SALAO', 'Repudiandae suscipi', 'Hic dolore corrupt', 'Laudantium et autem f', '93462-122', 891961, 496839 );
INSERT INTO LOCAL ( TIPO, RUA, COMPLEMENTO, CIDADE, CEP, CAPACIDADE, NUMERO )
	VALUES ( 'SALAO', 'Aliquid animi quidem', 'Doloribus esse sequi labo', 'Dolores sequi exercita', '67499-701', 696812, 294375 );
INSERT INTO LOCAL ( TIPO, RUA, COMPLEMENTO, CIDADE, CEP, CAPACIDADE, NUMERO )
	VALUES ( 'CAMPO', 'Dignissimos modi id molliti', 'Tempore soluta vel quia adipisci', 'Dignissimos quisquam i', '94610-955', 399180, 335688 );
INSERT INTO LOCAL ( TIPO, RUA, COMPLEMENTO, CIDADE, CEP, CAPACIDADE, NUMERO )
	VALUES ( 'CAMPO', 'Modi error alias. A', 'Est sint eveniet lab', 'Vel eum quos volup', '90610-543', 261270, 849259 );

/* TABLE SALAO */
INSERT INTO SALAO ( ID )
	VALUES ( 2 );
INSERT INTO SALAO ( ID )
	VALUES ( 3 );
INSERT INTO SALAO ( ID )
	VALUES ( 4 );
INSERT INTO SALAO ( ID )
	VALUES ( 1 );
INSERT INTO SALAO ( ID )
	VALUES ( 5 );

/* TABLE CAMPO */
INSERT INTO CAMPO ( ID )
	VALUES ( 4 );
INSERT INTO CAMPO ( ID )
	VALUES ( 2 );
INSERT INTO CAMPO ( ID )
	VALUES ( 3 );
INSERT INTO CAMPO ( ID )
	VALUES ( 5 );
INSERT INTO CAMPO ( ID )
	VALUES ( 1 );

/* TABLE FORMATURA */
INSERT INTO FORMATURA ( COPEIRO, DATAHORA, SALAO, BARTENDER, CLIENTE )
	VALUES ( '763.476.182-47', to_date ('2014-10-29', 'YYYY-MM-DD'), 3, '428.206.428-55', '763.476.182-47' );
INSERT INTO FORMATURA ( COPEIRO, DATAHORA, SALAO, BARTENDER, CLIENTE )
	VALUES ( '763.476.182-47', to_date ('2011-08-24', 'YYYY-MM-DD'), 2, '428.206.428-55', '428.206.428-55' );
INSERT INTO FORMATURA ( COPEIRO, DATAHORA, SALAO, BARTENDER, CLIENTE )
	VALUES ( '540.029.224-24', to_date ('2015-05-05', 'YYYY-MM-DD'), 4, '763.476.182-47', '540.029.224-24' );
INSERT INTO FORMATURA ( COPEIRO, DATAHORA, SALAO, BARTENDER, CLIENTE )
	VALUES ( '763.476.182-47', to_date ('2003-02-28', 'YYYY-MM-DD'), 2, '428.206.428-55', '763.476.182-47' );
INSERT INTO FORMATURA ( COPEIRO, DATAHORA, SALAO, BARTENDER, CLIENTE )
	VALUES ( '763.476.182-47', to_date ('2002-06-05', 'YYYY-MM-DD'), 5, '540.029.224-24', '428.206.428-55' );

/* TABLE CASAMENTO */
INSERT INTO CASAMENTO ( CHEF, DATAHORA, MAITRE, CLIENTE, LOCAL )
	VALUES ( '540.029.224-24', to_date ('2003-02-28', 'YYYY-MM-DD'), '691.016.561-88', '763.476.182-47', 1 );
INSERT INTO CASAMENTO ( CHEF, DATAHORA, MAITRE, CLIENTE, LOCAL )
	VALUES ( '763.476.182-47', to_date ('2011-08-24', 'YYYY-MM-DD'), '428.206.428-55', '428.206.428-55', 4 );
INSERT INTO CASAMENTO ( CHEF, DATAHORA, MAITRE, CLIENTE, LOCAL )
	VALUES ( '763.476.182-47', to_date ('2014-10-29', 'YYYY-MM-DD'), '540.029.224-24', '763.476.182-47', 1 );
INSERT INTO CASAMENTO ( CHEF, DATAHORA, MAITRE, CLIENTE, LOCAL )
	VALUES ( '691.016.561-88', to_date ('2002-06-05', 'YYYY-MM-DD'), '540.029.224-24', '428.206.428-55', 1 );
INSERT INTO CASAMENTO ( CHEF, DATAHORA, MAITRE, CLIENTE, LOCAL )
	VALUES ( '763.476.182-47', to_date ('2015-05-05', 'YYYY-MM-DD'), '775.408.642-72', '540.029.224-24', 2 );

/* TABLE CARDAPIO */
INSERT INTO CARDAPIO ( DATAHORA, CLIENTE, NROITEMS )
	VALUES ( to_date ('2011-08-24', 'YYYY-MM-DD'), '428.206.428-55', 375674 );
INSERT INTO CARDAPIO ( DATAHORA, CLIENTE, NROITEMS )
	VALUES ( to_date ('2002-06-05', 'YYYY-MM-DD'), '428.206.428-55', 748913 );
INSERT INTO CARDAPIO ( DATAHORA, CLIENTE, NROITEMS )
	VALUES ( to_date ('2015-05-05', 'YYYY-MM-DD'), '540.029.224-24', 663597 );
INSERT INTO CARDAPIO ( DATAHORA, CLIENTE, NROITEMS )
	VALUES ( to_date ('2003-02-28', 'YYYY-MM-DD'), '763.476.182-47', 800869 );
INSERT INTO CARDAPIO ( DATAHORA, CLIENTE, NROITEMS )
	VALUES ( to_date ('2014-10-29', 'YYYY-MM-DD'), '763.476.182-47', 461753 );

/* TABLE ITEM */
INSERT INTO ITEM ( NOME )
	VALUES ( 'Autem magni eos i' );
INSERT INTO ITEM ( NOME )
	VALUES ( 'Libero nam ullam ' );
INSERT INTO ITEM ( NOME )
	VALUES ( 'Tempore delectus iste. D' );
INSERT INTO ITEM ( NOME )
	VALUES ( 'Labore illum aperiam velit. Ita' );
INSERT INTO ITEM ( NOME )
	VALUES ( 'Architecto consequa' );

/* TABLE CARDAPIO_ITEM */
INSERT INTO CARDAPIO_ITEM ( ITEM, DATAHORA, CLIENTE )
	VALUES ( 'Autem magni eos i', to_date ('2003-02-28', 'YYYY-MM-DD'), '763.476.182-47' );
INSERT INTO CARDAPIO_ITEM ( ITEM, DATAHORA, CLIENTE )
	VALUES ( 'Tempore delectus iste. D', to_date ('2015-05-05', 'YYYY-MM-DD'), '540.029.224-24' );
INSERT INTO CARDAPIO_ITEM ( ITEM, DATAHORA, CLIENTE )
	VALUES ( 'Libero nam ullam ', to_date ('2003-02-28', 'YYYY-MM-DD'), '763.476.182-47' );
INSERT INTO CARDAPIO_ITEM ( ITEM, DATAHORA, CLIENTE )
	VALUES ( 'Architecto consequa', to_date ('2014-10-29', 'YYYY-MM-DD'), '763.476.182-47' );
INSERT INTO CARDAPIO_ITEM ( ITEM, DATAHORA, CLIENTE )
	VALUES ( 'Labore illum aperiam velit. Ita', to_date ('2015-05-05', 'YYYY-MM-DD'), '540.029.224-24' );

/* TABLE INGREDIENTES */
INSERT INTO INGREDIENTES ( ITEM, NOME )
	VALUES ( 'Labore illum aperiam velit. Ita', 'Repellendus repellendus totam n' );
INSERT INTO INGREDIENTES ( ITEM, NOME )
	VALUES ( 'Labore illum aperiam velit. Ita', 'Voluptatum unde aliquid v' );
INSERT INTO INGREDIENTES ( ITEM, NOME )
	VALUES ( 'Tempore delectus iste. D', 'Autem alias vero.Pra' );
INSERT INTO INGREDIENTES ( ITEM, NOME )
	VALUES ( 'Labore illum aperiam velit. Ita', 'Quisquam expedita accusa' );
INSERT INTO INGREDIENTES ( ITEM, NOME )
	VALUES ( 'Libero nam ullam ', 'Velit rem praesentium volup' );

/* TABLE FORNECEDOR */
INSERT INTO FORNECEDOR ( CNPJ, NOME )
	VALUES ( '09.116.399/4190-14', 'Provident quas ill' );
INSERT INTO FORNECEDOR ( CNPJ, NOME )
	VALUES ( '34.004.211/3612-66', 'Minus ut quisquam quo tempore.' );
INSERT INTO FORNECEDOR ( CNPJ, NOME )
	VALUES ( '83.856.713/9566-88', 'Quo perspiciatis re' );
INSERT INTO FORNECEDOR ( CNPJ, NOME )
	VALUES ( '71.273.050/6000-13', 'Sunt voluptas sunt p' );
INSERT INTO FORNECEDOR ( CNPJ, NOME )
	VALUES ( '82.650.012/2293-10', 'Ab id corrupti acc' );

/* TABLE PRODUTO */
INSERT INTO PRODUTO ( NOME )
	VALUES ( 'Ut doloribus asperi' );
INSERT INTO PRODUTO ( NOME )
	VALUES ( 'Corrupti deserunt atque bla' );
INSERT INTO PRODUTO ( NOME )
	VALUES ( 'Sequi dolorem sed nemo ni' );
INSERT INTO PRODUTO ( NOME )
	VALUES ( 'Voluptates quae ratione eni' );
INSERT INTO PRODUTO ( NOME )
	VALUES ( 'Necessitatibus alias libero' );

/* TABLE FORNECIMENTO */
/* NULL INSERTION FOR ATTRIBUTENOTAFISCALAT TABLEFORNECIMENTO */
INSERT INTO FORNECIMENTO ( QUANTIDADE, VALOR, NOTAFISCAL, FORNECEDOR, PRODUTO, DATA )
	VALUES ( 570931, 383.69, NULL, '83.856.713/9566-88', 'Voluptates quae ratione eni', to_date ('2012-12-19', 'YYYY-MM-DD') );
INSERT INTO FORNECIMENTO ( QUANTIDADE, VALOR, NOTAFISCAL, FORNECEDOR, PRODUTO, DATA )
	VALUES ( 293915, -37597.68, 'Laborum eaque incidunt eli', '82.650.012/2293-10', 'Sequi dolorem sed nemo ni', to_date ('2008-12-18', 'YYYY-MM-DD') );
INSERT INTO FORNECIMENTO ( QUANTIDADE, VALOR, NOTAFISCAL, FORNECEDOR, PRODUTO, DATA )
	VALUES ( 183789, -17058.8, 'Ratione tenetur hic repellat inc', '71.273.050/6000-13', 'Ut doloribus asperi', to_date ('2004-10-16', 'YYYY-MM-DD') );
INSERT INTO FORNECIMENTO ( QUANTIDADE, VALOR, NOTAFISCAL, FORNECEDOR, PRODUTO, DATA )
	VALUES ( 726912, -95653.05, 'Necessitatibus labore minim', '09.116.399/4190-14', 'Sequi dolorem sed nemo ni', to_date ('2017-04-09', 'YYYY-MM-DD') );
INSERT INTO FORNECIMENTO ( QUANTIDADE, VALOR, NOTAFISCAL, FORNECEDOR, PRODUTO, DATA )
	VALUES ( 342565, 71097.26, 'Non incidunt placeat pariatur ', '71.273.050/6000-13', 'Ut doloribus asperi', to_date ('2016-11-02', 'YYYY-MM-DD') );
INSERT INTO FORNECIMENTO ( QUANTIDADE, VALOR, NOTAFISCAL, FORNECEDOR, PRODUTO, DATA )
	VALUES ( 150705, 7059.0, 'Animi eius neque sit eum rep', '09.116.399/4190-14', 'Voluptates quae ratione eni', to_date ('2018-10-12', 'YYYY-MM-DD') );

/* TABLE ITEM_FORNECIMENTO */
INSERT INTO ITEM_FORNECIMENTO ( ITEM, FORNECEDOR, PRODUTO, DATA )
	VALUES ( 'Labore illum aperiam velit. Ita', '09.116.399/4190-14', 'Sequi dolorem sed nemo ni', to_date ('2017-04-09', 'YYYY-MM-DD') );
INSERT INTO ITEM_FORNECIMENTO ( ITEM, FORNECEDOR, PRODUTO, DATA )
	VALUES ( 'Labore illum aperiam velit. Ita', '71.273.050/6000-13', 'Ut doloribus asperi', to_date ('2016-11-02', 'YYYY-MM-DD') );
INSERT INTO ITEM_FORNECIMENTO ( ITEM, FORNECEDOR, PRODUTO, DATA )
	VALUES ( 'Architecto consequa', '82.650.012/2293-10', 'Sequi dolorem sed nemo ni', to_date ('2008-12-18', 'YYYY-MM-DD') );
INSERT INTO ITEM_FORNECIMENTO ( ITEM, FORNECEDOR, PRODUTO, DATA )
	VALUES ( 'Tempore delectus iste. D', '71.273.050/6000-13', 'Ut doloribus asperi', to_date ('2016-11-02', 'YYYY-MM-DD') );
INSERT INTO ITEM_FORNECIMENTO ( ITEM, FORNECEDOR, PRODUTO, DATA )
	VALUES ( 'Labore illum aperiam velit. Ita', '71.273.050/6000-13', 'Ut doloribus asperi', to_date ('2004-10-16', 'YYYY-MM-DD') );

/* TABLE NUMBER TOTAL: 25 */
END TRANSACTION;
