/* TOTAL OF 0 ERRORS WHILE BUILDING METADATA STRUCTURE. */
BEGIN TRANSACTION;
/* TABLE PESSOA */
/* NULL INSERTION FOR ATTRIBUTEEMAILAT TABLEPESSOA */
INSERT INTO PESSOA ( CPF, NOME, ENDERECO, EMAIL )
	VALUES ( '400.412.420-91', 'Et esse dolores necessitatibus animi. Culpa optio quis enim quaerat.Consequuntur culpa modi facere. Nam', 'Magnam occaecati dignissimos totam iusto. Excepturi ullam tempore quasi fug', NULL );
/* NULL INSERTION FOR ATTRIBUTEENDERECOAT TABLEPESSOA */
INSERT INTO PESSOA ( CPF, NOME, ENDERECO, EMAIL )
	VALUES ( '021.154.252-70', 'Itaque dolorum architecto corrupti quos qui. Veniam culpa cumque autem natus iste. Autem accusamus tenetur tempore.', NULL, 'Repudiandae ea tempore molestias officiis suscipit. Repellendus voluptas porro consequatur velit libero. Ipsum cupiditate aperiam dolore cupiditate.' );
INSERT INTO PESSOA ( CPF, NOME, ENDERECO, EMAIL )
	VALUES ( '751.257.222-88', 'Magni a voluptatibus pariatur fugiat. Vero excepturi minima soluta.Impedit saepe laboriosam. Aliquid quisqua', 'Expedita repellat ipsum quibusdam. Doloribus illum voluptate perspiciatis aliqu', 'Similique pariatur vero nulla. Minima quibusdam ea facilis reiciendis.Accusantium atque quaerat vitae nostrum. Sunt voluptatibus alias adipisci nulla hic. Impedit officiis und' );
INSERT INTO PESSOA ( CPF, NOME, ENDERECO, EMAIL )
	VALUES ( '075.037.248-50', 'Aliquam odit excepturi reprehenderit quibusdam. Perspiciatis inventore nam.', 'Dolorem ratione laudantium cupiditate laboriosam possimus. Tenetur itaque nisi harum a.Laudantium alias eaque fa', 'Praesentium reiciendis voluptatum corporis quam. Recusandae distinctio autem corrupti omnis illo.' );
INSERT INTO PESSOA ( CPF, NOME, ENDERECO, EMAIL )
	VALUES ( '390.359.375-09', 'Eligendi rerum temporibus quis cupiditate. Ab quos unde quis earum ius', 'Ipsum inventore laudantium quam. Quae saepe repellendus quod ut ut aut. Explicabo incidunt illo tempor', 'Porro ipsa sit rem. In vero id libero quam. Quis in consequuntur. Laborum vitae excepturi est illum commodi.Iusto quod ad quas temporibus ut et. Ipsa similique nesciunt pariatur.' );
INSERT INTO PESSOA ( CPF, NOME, ENDERECO, EMAIL )
	VALUES ( '307.270.473-31', 'Harum doloremque nostrum placeat magni. Dolores fugit cum amet. Tempora atque cum.Quis facere animi maxime. No', 'Magnam eum tempora consequatur laudantium nulla. Officia veritatis sed. Porro modi libero esse provident.', 'Quod expedita quasi nihil repudiandae occaecati cumque. Facilis laudantium sit laudantium porro id.' );
INSERT INTO PESSOA ( CPF, NOME, ENDERECO, EMAIL )
	VALUES ( '528.412.331-89', 'Deleniti rem dignissimos suscipit. Dolorum qui sint porro facere ', 'Quibusdam inventore natus. Fugit harum impedit tempore consequuntur nisi.', 'Quibusdam quae dolores occaecati. Quos consequuntur facere ipsa. Qui totam laudantium iure maxime. Cupiditate velit officiis facere alias sed repudiandae.' );
INSERT INTO PESSOA ( CPF, NOME, ENDERECO, EMAIL )
	VALUES ( '629.603.217-66', 'Illum maiores delectus dolor maiores. Optio unde odio amet laboriosam impedit fuga explicabo.Tempora ', 'Voluptatum expedita aspernatur nam odio corporis totam. Repellat sunt elige', 'Quod at ducimus alias temporibus rem deleniti. Veniam aut tenetur illo ex.Possimus placeat corporis. Omnis recusandae repudiandae optio quia rerum inventore non.' );
INSERT INTO PESSOA ( CPF, NOME, ENDERECO, EMAIL )
	VALUES ( '868.629.435-49', 'Quaerat explicabo aut aut. Velit explicabo officia libero laboriosam excepturi. Laboriosam enim recusandae atque at.', 'Ipsum maxime sapiente in. Distinctio ducimus saepe neque voluptates autem.Eos atque hic deleniti cupiditate iste. Sapien', 'Eius accusamus ratione corporis magni nam. Enim voluptatibus assumenda et occaecati sequi.Reprehenderit quibusdam dignissimos perferendis sequi iste. Voluptatibus velit ull' );
INSERT INTO PESSOA ( CPF, NOME, ENDERECO, EMAIL )
	VALUES ( '501.673.738-49', 'Eos cumque deleniti ut ad officiis nihil. Voluptatibus facilis nobis id blanditiis. Quae necessitatibus ducimus sequi', 'Excepturi ex aliquam natus laudantium facilis.Dicta vitae quis expedita numquam quod. Consectetur tempora rerum ex.', 'Consectetur similique expedita rerum asperiores hic dolores molestiae. Quisquam ullam rerum eaque enim.' );
INSERT INTO PESSOA ( CPF, NOME, ENDERECO, EMAIL )
	VALUES ( '288.522.463-04', 'Quae et aliquid. Dicta temporibus hic cumque reprehenderit deleniti ullam ut. Soluta facere necessitatibus la', 'Dolores accusamus ipsam quo quia minima. Officia eligendi delectus quia.', 'Totam officia ab voluptate iusto quae quod. Reprehenderit odit quisquam ut assumenda nobis laborum. Quidem quae corporis nulla asperiores tenetur harum.' );
INSERT INTO PESSOA ( CPF, NOME, ENDERECO, EMAIL )
	VALUES ( '569.049.168-68', 'Inventore vero sint quidem velit. Quibusdam itaque voluptatem tempore eaque deleniti.', 'Ut natus cum magnam vero expedita quo. Autem possimus ex corrupti.Repellendus quis laudantium inventore d', 'Cum ad pariatur pariatur vero fugit cupiditate. Expedita vel explicabo amet.Odit eum ex neque aut neque adipisci. Aliquam quas odit quae id ipsum aspernatur.' );
INSERT INTO PESSOA ( CPF, NOME, ENDERECO, EMAIL )
	VALUES ( '357.370.667-03', 'Labore modi perspiciatis hic asperiores maiores eveniet. A cupiditate eos', 'Blanditiis sunt laborum odit. Sed consectetur maiores similique possimus m', 'Dolor ducimus dolorum inventore enim sunt in perspiciatis. Iure suscipit suscipit quisquam voluptatibus dolor commodi. Eum magnam assumenda tenetur a consequuntur necessitati' );
INSERT INTO PESSOA ( CPF, NOME, ENDERECO, EMAIL )
	VALUES ( '728.029.838-53', 'Maiores ex nemo laborum corrupti delectus odio. Quo voluptatibus ali', 'Nostrum soluta asperiores unde tempora. Dignissimos occaecati corrupti. Et dolorum itaque repellendus.Eum repellat molestia', 'Modi veritatis aspernatur illo distinctio. Tempora sapiente totam quisquam laborum. Temporibus possimus cum.' );
INSERT INTO PESSOA ( CPF, NOME, ENDERECO, EMAIL )
	VALUES ( '427.884.570-71', 'Expedita ea aspernatur mollitia suscipit. Explicabo libero doloribus nihil ab asperiores. Fuga ipsam facer', 'Itaque fuga exercitationem voluptatum. Assumenda natus mollitia ipsum quas qui natus. Libero quod odit deserunt cons', 'Minus assumenda perspiciatis minus assumenda animi asperiores doloribus. Labore consectetur nemo id. Numquam placeat error iusto autem.Inventore minus ipsum eius. Facilis sint quaerat ut illo magni.' );
INSERT INTO PESSOA ( CPF, NOME, ENDERECO, EMAIL )
	VALUES ( '961.283.387-75', 'Fuga assumenda explicabo eos quod pariatur. Officiis vero ratione veritatis vitae. ', 'Sapiente nam blanditiis incidunt. Nesciunt mollitia laboriosam veritatis nobis porro.', 'Culpa dolorum nihil expedita nulla. Perferendis laborum iusto quae. Nam id ut ratione placeat laudantium.Cum officiis assumenda. Voluptatibus nulla laborum minus soluta natus.' );
INSERT INTO PESSOA ( CPF, NOME, ENDERECO, EMAIL )
	VALUES ( '817.912.478-16', 'Alias autem minus fugiat ratione numquam.Quasi porro quae quas vitae ab beatae rem. Omnis consectetur explicabo sa', 'Excepturi maxime ea fugit ipsum. Occaecati sit doloribus dolores doloribus. Dicta suscipit', 'Ex quibusdam reprehenderit laboriosam. Totam at labore sit corporis. Ratione at similique voluptatum eius incidunt. Voluptatum excepturi vel amet possimus.' );
INSERT INTO PESSOA ( CPF, NOME, ENDERECO, EMAIL )
	VALUES ( '991.090.131-61', 'Assumenda animi minima facilis. Expedita atque nam sequi ut. Maiores quidem veniam of', 'Tempora vero voluptatum esse quasi. Voluptate vero molestias. Voluptatibus ', 'Porro eligendi illo reiciendis.Quia dolorum doloribus minus sit temporibus repellat odio. Nesciunt magnam laboriosam hic sequi expedita.' );
INSERT INTO PESSOA ( CPF, NOME, ENDERECO, EMAIL )
	VALUES ( '298.368.878-90', 'Provident et et. Pariatur rerum odit sit illum quisquam atque quasi. A id incidunt ad delectus nihil assumenda.', 'Quasi aut inventore tenetur. At recusandae illo deserunt ab magnam. Veniam architecto pariatur error deleniti quis.', 'Ullam tempore corporis voluptatibus esse totam mollitia. Vero placeat temporibus laborum est. Possimus perferendis provident dicta voluptatem labore eos. At qui esse.' );
INSERT INTO PESSOA ( CPF, NOME, ENDERECO, EMAIL )
	VALUES ( '303.832.940-49', 'Ratione molestias non quod eveniet architecto maiores provident. Error veritatis aut ex quisquam sequi ', 'Maxime eius eos rerum libero magni culpa. Nemo sint veniam id. Aperiam iste a aperiam omnis.', 'Velit provident laborum molestiae at porro. Repellat explicabo totam eos. Officia sed quas nisi consequatur blanditiis.' );
INSERT INTO PESSOA ( CPF, NOME, ENDERECO, EMAIL )
	VALUES ( '882.666.335-97', 'Cumque dolorum suscipit iste voluptas eius at. Hic vel unde illum.Fugiat ab alias ', 'Sunt totam dolorum eligendi alias qui sed. Cupiditate itaque blanditiis recusandae ex ut. Qui molestiae aliquid nemo rati', 'Necessitatibus perferendis mollitia a non beatae dicta aliquid. Odit culpa harum porro soluta voluptatibus accusamus. Totam totam autem dicta vel.' );
INSERT INTO PESSOA ( CPF, NOME, ENDERECO, EMAIL )
	VALUES ( '326.255.373-75', 'Eius consequatur modi officia a eum. Non totam quaerat facere cumque. Perferendis sed dolore eaque h', 'Nostrum ducimus hic voluptatem. Suscipit nam cum dolor earum numquam dignissimos. Debitis provident odio molestiae vero l', 'Id tempore aliquid iusto quasi distinctio rerum. Explicabo hic autem harum pariatur vel.' );

/* TABLE CLIENTE */
INSERT INTO CLIENTE ( CPF )
	VALUES ( '751.257.222-88' );
INSERT INTO CLIENTE ( CPF )
	VALUES ( '868.629.435-49' );
INSERT INTO CLIENTE ( CPF )
	VALUES ( '882.666.335-97' );
INSERT INTO CLIENTE ( CPF )
	VALUES ( '075.037.248-50' );
INSERT INTO CLIENTE ( CPF )
	VALUES ( '728.029.838-53' );
INSERT INTO CLIENTE ( CPF )
	VALUES ( '961.283.387-75' );
INSERT INTO CLIENTE ( CPF )
	VALUES ( '390.359.375-09' );
INSERT INTO CLIENTE ( CPF )
	VALUES ( '298.368.878-90' );
INSERT INTO CLIENTE ( CPF )
	VALUES ( '357.370.667-03' );
INSERT INTO CLIENTE ( CPF )
	VALUES ( '817.912.478-16' );
INSERT INTO CLIENTE ( CPF )
	VALUES ( '629.603.217-66' );
INSERT INTO CLIENTE ( CPF )
	VALUES ( '303.832.940-49' );
INSERT INTO CLIENTE ( CPF )
	VALUES ( '326.255.373-75' );
INSERT INTO CLIENTE ( CPF )
	VALUES ( '427.884.570-71' );
INSERT INTO CLIENTE ( CPF )
	VALUES ( '569.049.168-68' );
INSERT INTO CLIENTE ( CPF )
	VALUES ( '501.673.738-49' );
INSERT INTO CLIENTE ( CPF )
	VALUES ( '528.412.331-89' );
INSERT INTO CLIENTE ( CPF )
	VALUES ( '288.522.463-04' );
INSERT INTO CLIENTE ( CPF )
	VALUES ( '991.090.131-61' );
INSERT INTO CLIENTE ( CPF )
	VALUES ( '307.270.473-31' );

/* TABLE FUNCIONARIO */
INSERT INTO FUNCIONARIO ( CPF, FUNCAO, SALARIO )
	VALUES ( '569.049.168-68', 'Molestias fugiat impedit.', 58695.3 );
INSERT INTO FUNCIONARIO ( CPF, FUNCAO, SALARIO )
	VALUES ( '817.912.478-16', 'Veritatis eos voluptas ea', 43293.73 );
INSERT INTO FUNCIONARIO ( CPF, FUNCAO, SALARIO )
	VALUES ( '303.832.940-49', 'Saepe vel eaque et eu', 86375.33 );
INSERT INTO FUNCIONARIO ( CPF, FUNCAO, SALARIO )
	VALUES ( '728.029.838-53', 'Sit eligendi laudantium quaera', 91026.97 );
INSERT INTO FUNCIONARIO ( CPF, FUNCAO, SALARIO )
	VALUES ( '751.257.222-88', 'Excepturi quisquam ', 80712.64 );
INSERT INTO FUNCIONARIO ( CPF, FUNCAO, SALARIO )
	VALUES ( '326.255.373-75', 'Cupiditate rerum dolorum. Omni', 54478.25 );
INSERT INTO FUNCIONARIO ( CPF, FUNCAO, SALARIO )
	VALUES ( '357.370.667-03', 'Perferendis accusantium c', 43219.79 );
INSERT INTO FUNCIONARIO ( CPF, FUNCAO, SALARIO )
	VALUES ( '528.412.331-89', 'Modi quo repellat laboriosam ', 4913.05 );
INSERT INTO FUNCIONARIO ( CPF, FUNCAO, SALARIO )
	VALUES ( '501.673.738-49', 'Quod dolorem sed voluptatibus ', 68894.53 );
INSERT INTO FUNCIONARIO ( CPF, FUNCAO, SALARIO )
	VALUES ( '868.629.435-49', 'Voluptas dignissimos ', 78637.13 );
INSERT INTO FUNCIONARIO ( CPF, FUNCAO, SALARIO )
	VALUES ( '629.603.217-66', 'Fuga ipsam aut faci', 90885.99 );
INSERT INTO FUNCIONARIO ( CPF, FUNCAO, SALARIO )
	VALUES ( '390.359.375-09', 'Consequatur dignissimos impe', 6468.64 );
INSERT INTO FUNCIONARIO ( CPF, FUNCAO, SALARIO )
	VALUES ( '991.090.131-61', 'Vero non voluptatibus delectu', 24403.51 );
INSERT INTO FUNCIONARIO ( CPF, FUNCAO, SALARIO )
	VALUES ( '882.666.335-97', 'Fugiat architecto ad v', 3523.02 );
INSERT INTO FUNCIONARIO ( CPF, FUNCAO, SALARIO )
	VALUES ( '961.283.387-75', 'Reiciendis ea tenet', 30008.42 );
INSERT INTO FUNCIONARIO ( CPF, FUNCAO, SALARIO )
	VALUES ( '298.368.878-90', 'Provident at voluptas d', 94028.33 );
INSERT INTO FUNCIONARIO ( CPF, FUNCAO, SALARIO )
	VALUES ( '075.037.248-50', 'Iure temporibus ipsum o', 2744.13 );
INSERT INTO FUNCIONARIO ( CPF, FUNCAO, SALARIO )
	VALUES ( '427.884.570-71', 'Amet modi debitis num', 70900.71 );
INSERT INTO FUNCIONARIO ( CPF, FUNCAO, SALARIO )
	VALUES ( '288.522.463-04', 'Enim accusantium laudantiu', 73908.25 );
INSERT INTO FUNCIONARIO ( CPF, FUNCAO, SALARIO )
	VALUES ( '307.270.473-31', 'Non velit magni nisi. Offi', 47586.5 );

/* TABLE ESPECIALISTA */
INSERT INTO ESPECIALISTA ( CPF, ESPECIALIDADE, TAXA_HORA )
	VALUES ( '882.666.335-97', 'Recusandae illo quis e', 73044.44 );
INSERT INTO ESPECIALISTA ( CPF, ESPECIALIDADE, TAXA_HORA )
	VALUES ( '075.037.248-50', 'Necessitatibus animi quas harum', 33737.9 );
INSERT INTO ESPECIALISTA ( CPF, ESPECIALIDADE, TAXA_HORA )
	VALUES ( '303.832.940-49', 'Ut incidunt ad atque ', 69550.51 );
INSERT INTO ESPECIALISTA ( CPF, ESPECIALIDADE, TAXA_HORA )
	VALUES ( '501.673.738-49', 'Laboriosam veritatis dolor v', 54968.19 );
INSERT INTO ESPECIALISTA ( CPF, ESPECIALIDADE, TAXA_HORA )
	VALUES ( '569.049.168-68', 'Libero quia voluptate aliquid', 5327.62 );
INSERT INTO ESPECIALISTA ( CPF, ESPECIALIDADE, TAXA_HORA )
	VALUES ( '307.270.473-31', 'Dicta nam id simili', 921.65 );
INSERT INTO ESPECIALISTA ( CPF, ESPECIALIDADE, TAXA_HORA )
	VALUES ( '357.370.667-03', 'Accusamus dignissimos qui vo', 29826.31 );
INSERT INTO ESPECIALISTA ( CPF, ESPECIALIDADE, TAXA_HORA )
	VALUES ( '728.029.838-53', 'Hic delectus possimus r', 99956.19 );
INSERT INTO ESPECIALISTA ( CPF, ESPECIALIDADE, TAXA_HORA )
	VALUES ( '961.283.387-75', 'Corrupti esse ab. Sus', 63110.29 );
INSERT INTO ESPECIALISTA ( CPF, ESPECIALIDADE, TAXA_HORA )
	VALUES ( '991.090.131-61', 'Libero ullam inventore', 84147.65 );
INSERT INTO ESPECIALISTA ( CPF, ESPECIALIDADE, TAXA_HORA )
	VALUES ( '326.255.373-75', 'Quod possimus aperiam. Ver', 49969.34 );
INSERT INTO ESPECIALISTA ( CPF, ESPECIALIDADE, TAXA_HORA )
	VALUES ( '751.257.222-88', 'Magni occaecati nostrum minima', 75824.32 );
INSERT INTO ESPECIALISTA ( CPF, ESPECIALIDADE, TAXA_HORA )
	VALUES ( '868.629.435-49', 'Incidunt sapiente cumque alias n', 66719.73 );
INSERT INTO ESPECIALISTA ( CPF, ESPECIALIDADE, TAXA_HORA )
	VALUES ( '817.912.478-16', 'Nostrum corporis in', 31861.38 );
INSERT INTO ESPECIALISTA ( CPF, ESPECIALIDADE, TAXA_HORA )
	VALUES ( '288.522.463-04', 'Aperiam soluta ratione volu', 78153.44 );
INSERT INTO ESPECIALISTA ( CPF, ESPECIALIDADE, TAXA_HORA )
	VALUES ( '298.368.878-90', 'Ullam perferendi', 84772.71 );
INSERT INTO ESPECIALISTA ( CPF, ESPECIALIDADE, TAXA_HORA )
	VALUES ( '427.884.570-71', 'Unde odio corrupti laudantium', 38670.49 );
INSERT INTO ESPECIALISTA ( CPF, ESPECIALIDADE, TAXA_HORA )
	VALUES ( '629.603.217-66', 'Quasi quod accusamus atque', 17256.52 );
INSERT INTO ESPECIALISTA ( CPF, ESPECIALIDADE, TAXA_HORA )
	VALUES ( '528.412.331-89', 'Error repellat dolore', 60577.71 );
INSERT INTO ESPECIALISTA ( CPF, ESPECIALIDADE, TAXA_HORA )
	VALUES ( '390.359.375-09', 'Officia exercitationem nulla', 70201.05 );

/* TABLE CONTRATO_ESPECIALISTA */
INSERT INTO CONTRATO_ESPECIALISTA ( DURACAO, ESPECIALISTA, DATA_INICIO, REMUNERACAO )
	VALUES ( 144949, '991.090.131-61', to_date ('2017-05-09', 'YYYY-MM-DD'), 98938.47 );
INSERT INTO CONTRATO_ESPECIALISTA ( DURACAO, ESPECIALISTA, DATA_INICIO, REMUNERACAO )
	VALUES ( 551498, '427.884.570-71', to_date ('2007-03-07', 'YYYY-MM-DD'), 90037.84 );
INSERT INTO CONTRATO_ESPECIALISTA ( DURACAO, ESPECIALISTA, DATA_INICIO, REMUNERACAO )
	VALUES ( 495802, '991.090.131-61', to_date ('2018-06-05', 'YYYY-MM-DD'), 35317.02 );
INSERT INTO CONTRATO_ESPECIALISTA ( DURACAO, ESPECIALISTA, DATA_INICIO, REMUNERACAO )
	VALUES ( 544609, '751.257.222-88', to_date ('2001-12-26', 'YYYY-MM-DD'), 96352.71 );
INSERT INTO CONTRATO_ESPECIALISTA ( DURACAO, ESPECIALISTA, DATA_INICIO, REMUNERACAO )
	VALUES ( 313505, '298.368.878-90', to_date ('2000-10-15', 'YYYY-MM-DD'), 97206.91 );
INSERT INTO CONTRATO_ESPECIALISTA ( DURACAO, ESPECIALISTA, DATA_INICIO, REMUNERACAO )
	VALUES ( 388396, '390.359.375-09', to_date ('2016-04-14', 'YYYY-MM-DD'), 24168.38 );
INSERT INTO CONTRATO_ESPECIALISTA ( DURACAO, ESPECIALISTA, DATA_INICIO, REMUNERACAO )
	VALUES ( 454407, '288.522.463-04', to_date ('2001-08-27', 'YYYY-MM-DD'), 14679.86 );
INSERT INTO CONTRATO_ESPECIALISTA ( DURACAO, ESPECIALISTA, DATA_INICIO, REMUNERACAO )
	VALUES ( 801515, '303.832.940-49', to_date ('2002-09-29', 'YYYY-MM-DD'), 94927.93 );
INSERT INTO CONTRATO_ESPECIALISTA ( DURACAO, ESPECIALISTA, DATA_INICIO, REMUNERACAO )
	VALUES ( 437547, '751.257.222-88', to_date ('2002-07-16', 'YYYY-MM-DD'), 82388.53 );
INSERT INTO CONTRATO_ESPECIALISTA ( DURACAO, ESPECIALISTA, DATA_INICIO, REMUNERACAO )
	VALUES ( 821251, '326.255.373-75', to_date ('2001-04-07', 'YYYY-MM-DD'), 79957.78 );
INSERT INTO CONTRATO_ESPECIALISTA ( DURACAO, ESPECIALISTA, DATA_INICIO, REMUNERACAO )
	VALUES ( 356950, '528.412.331-89', to_date ('2005-08-24', 'YYYY-MM-DD'), 60675.4 );
INSERT INTO CONTRATO_ESPECIALISTA ( DURACAO, ESPECIALISTA, DATA_INICIO, REMUNERACAO )
	VALUES ( 861111, '817.912.478-16', to_date ('2010-02-24', 'YYYY-MM-DD'), 21479.42 );
INSERT INTO CONTRATO_ESPECIALISTA ( DURACAO, ESPECIALISTA, DATA_INICIO, REMUNERACAO )
	VALUES ( 110428, '326.255.373-75', to_date ('2000-12-19', 'YYYY-MM-DD'), 91328.57 );
INSERT INTO CONTRATO_ESPECIALISTA ( DURACAO, ESPECIALISTA, DATA_INICIO, REMUNERACAO )
	VALUES ( 882511, '390.359.375-09', to_date ('2006-05-10', 'YYYY-MM-DD'), 77230.87 );
INSERT INTO CONTRATO_ESPECIALISTA ( DURACAO, ESPECIALISTA, DATA_INICIO, REMUNERACAO )
	VALUES ( 729569, '882.666.335-97', to_date ('2017-03-24', 'YYYY-MM-DD'), 46374.29 );
INSERT INTO CONTRATO_ESPECIALISTA ( DURACAO, ESPECIALISTA, DATA_INICIO, REMUNERACAO )
	VALUES ( 159858, '728.029.838-53', to_date ('2006-01-16', 'YYYY-MM-DD'), 3768.64 );
INSERT INTO CONTRATO_ESPECIALISTA ( DURACAO, ESPECIALISTA, DATA_INICIO, REMUNERACAO )
	VALUES ( 284962, '961.283.387-75', to_date ('2003-05-01', 'YYYY-MM-DD'), 3507.64 );
INSERT INTO CONTRATO_ESPECIALISTA ( DURACAO, ESPECIALISTA, DATA_INICIO, REMUNERACAO )
	VALUES ( 405212, '298.368.878-90', to_date ('2005-09-05', 'YYYY-MM-DD'), 53967.63 );
INSERT INTO CONTRATO_ESPECIALISTA ( DURACAO, ESPECIALISTA, DATA_INICIO, REMUNERACAO )
	VALUES ( 590976, '501.673.738-49', to_date ('2003-09-15', 'YYYY-MM-DD'), 86051.88 );
INSERT INTO CONTRATO_ESPECIALISTA ( DURACAO, ESPECIALISTA, DATA_INICIO, REMUNERACAO )
	VALUES ( 789348, '751.257.222-88', to_date ('2013-06-19', 'YYYY-MM-DD'), 20942.83 );

/* TABLE BARTENDER */
INSERT INTO BARTENDER ( CPF )
	VALUES ( '629.603.217-66' );
INSERT INTO BARTENDER ( CPF )
	VALUES ( '303.832.940-49' );
INSERT INTO BARTENDER ( CPF )
	VALUES ( '326.255.373-75' );
INSERT INTO BARTENDER ( CPF )
	VALUES ( '817.912.478-16' );
INSERT INTO BARTENDER ( CPF )
	VALUES ( '307.270.473-31' );
INSERT INTO BARTENDER ( CPF )
	VALUES ( '298.368.878-90' );
INSERT INTO BARTENDER ( CPF )
	VALUES ( '390.359.375-09' );
INSERT INTO BARTENDER ( CPF )
	VALUES ( '882.666.335-97' );
INSERT INTO BARTENDER ( CPF )
	VALUES ( '357.370.667-03' );
INSERT INTO BARTENDER ( CPF )
	VALUES ( '751.257.222-88' );
INSERT INTO BARTENDER ( CPF )
	VALUES ( '868.629.435-49' );
INSERT INTO BARTENDER ( CPF )
	VALUES ( '961.283.387-75' );
INSERT INTO BARTENDER ( CPF )
	VALUES ( '991.090.131-61' );
INSERT INTO BARTENDER ( CPF )
	VALUES ( '728.029.838-53' );
INSERT INTO BARTENDER ( CPF )
	VALUES ( '288.522.463-04' );
INSERT INTO BARTENDER ( CPF )
	VALUES ( '569.049.168-68' );
INSERT INTO BARTENDER ( CPF )
	VALUES ( '427.884.570-71' );
INSERT INTO BARTENDER ( CPF )
	VALUES ( '501.673.738-49' );
INSERT INTO BARTENDER ( CPF )
	VALUES ( '075.037.248-50' );
INSERT INTO BARTENDER ( CPF )
	VALUES ( '528.412.331-89' );

/* TABLE COPEIRO */
INSERT INTO COPEIRO ( CPF )
	VALUES ( '326.255.373-75' );
INSERT INTO COPEIRO ( CPF )
	VALUES ( '357.370.667-03' );
INSERT INTO COPEIRO ( CPF )
	VALUES ( '961.283.387-75' );
INSERT INTO COPEIRO ( CPF )
	VALUES ( '728.029.838-53' );
INSERT INTO COPEIRO ( CPF )
	VALUES ( '868.629.435-49' );
INSERT INTO COPEIRO ( CPF )
	VALUES ( '817.912.478-16' );
INSERT INTO COPEIRO ( CPF )
	VALUES ( '528.412.331-89' );
INSERT INTO COPEIRO ( CPF )
	VALUES ( '501.673.738-49' );
INSERT INTO COPEIRO ( CPF )
	VALUES ( '991.090.131-61' );
INSERT INTO COPEIRO ( CPF )
	VALUES ( '303.832.940-49' );
INSERT INTO COPEIRO ( CPF )
	VALUES ( '075.037.248-50' );
INSERT INTO COPEIRO ( CPF )
	VALUES ( '427.884.570-71' );
INSERT INTO COPEIRO ( CPF )
	VALUES ( '882.666.335-97' );
INSERT INTO COPEIRO ( CPF )
	VALUES ( '288.522.463-04' );
INSERT INTO COPEIRO ( CPF )
	VALUES ( '298.368.878-90' );
INSERT INTO COPEIRO ( CPF )
	VALUES ( '751.257.222-88' );
INSERT INTO COPEIRO ( CPF )
	VALUES ( '629.603.217-66' );
INSERT INTO COPEIRO ( CPF )
	VALUES ( '569.049.168-68' );
INSERT INTO COPEIRO ( CPF )
	VALUES ( '307.270.473-31' );
INSERT INTO COPEIRO ( CPF )
	VALUES ( '390.359.375-09' );

/* TABLE CHEF */
INSERT INTO CHEF ( CPF )
	VALUES ( '307.270.473-31' );
INSERT INTO CHEF ( CPF )
	VALUES ( '303.832.940-49' );
INSERT INTO CHEF ( CPF )
	VALUES ( '288.522.463-04' );
INSERT INTO CHEF ( CPF )
	VALUES ( '528.412.331-89' );
INSERT INTO CHEF ( CPF )
	VALUES ( '961.283.387-75' );
INSERT INTO CHEF ( CPF )
	VALUES ( '751.257.222-88' );
INSERT INTO CHEF ( CPF )
	VALUES ( '427.884.570-71' );
INSERT INTO CHEF ( CPF )
	VALUES ( '817.912.478-16' );
INSERT INTO CHEF ( CPF )
	VALUES ( '882.666.335-97' );
INSERT INTO CHEF ( CPF )
	VALUES ( '075.037.248-50' );
INSERT INTO CHEF ( CPF )
	VALUES ( '629.603.217-66' );
INSERT INTO CHEF ( CPF )
	VALUES ( '868.629.435-49' );
INSERT INTO CHEF ( CPF )
	VALUES ( '357.370.667-03' );
INSERT INTO CHEF ( CPF )
	VALUES ( '991.090.131-61' );
INSERT INTO CHEF ( CPF )
	VALUES ( '326.255.373-75' );
INSERT INTO CHEF ( CPF )
	VALUES ( '298.368.878-90' );
INSERT INTO CHEF ( CPF )
	VALUES ( '569.049.168-68' );
INSERT INTO CHEF ( CPF )
	VALUES ( '501.673.738-49' );
INSERT INTO CHEF ( CPF )
	VALUES ( '728.029.838-53' );
INSERT INTO CHEF ( CPF )
	VALUES ( '390.359.375-09' );

/* TABLE MAITRE */
INSERT INTO MAITRE ( CPF )
	VALUES ( '298.368.878-90' );
INSERT INTO MAITRE ( CPF )
	VALUES ( '075.037.248-50' );
INSERT INTO MAITRE ( CPF )
	VALUES ( '961.283.387-75' );
INSERT INTO MAITRE ( CPF )
	VALUES ( '528.412.331-89' );
INSERT INTO MAITRE ( CPF )
	VALUES ( '569.049.168-68' );
INSERT INTO MAITRE ( CPF )
	VALUES ( '868.629.435-49' );
INSERT INTO MAITRE ( CPF )
	VALUES ( '390.359.375-09' );
INSERT INTO MAITRE ( CPF )
	VALUES ( '427.884.570-71' );
INSERT INTO MAITRE ( CPF )
	VALUES ( '288.522.463-04' );
INSERT INTO MAITRE ( CPF )
	VALUES ( '307.270.473-31' );
INSERT INTO MAITRE ( CPF )
	VALUES ( '501.673.738-49' );
INSERT INTO MAITRE ( CPF )
	VALUES ( '728.029.838-53' );
INSERT INTO MAITRE ( CPF )
	VALUES ( '629.603.217-66' );
INSERT INTO MAITRE ( CPF )
	VALUES ( '751.257.222-88' );
INSERT INTO MAITRE ( CPF )
	VALUES ( '817.912.478-16' );
INSERT INTO MAITRE ( CPF )
	VALUES ( '357.370.667-03' );
INSERT INTO MAITRE ( CPF )
	VALUES ( '303.832.940-49' );
INSERT INTO MAITRE ( CPF )
	VALUES ( '326.255.373-75' );
INSERT INTO MAITRE ( CPF )
	VALUES ( '991.090.131-61' );
INSERT INTO MAITRE ( CPF )
	VALUES ( '882.666.335-97' );

/* TABLE TELEFONES */
INSERT INTO TELEFONES ( PESSOA, TELEFONE )
	VALUES ( '868.629.435-49', 'Nobis maxime' );
INSERT INTO TELEFONES ( PESSOA, TELEFONE )
	VALUES ( '357.370.667-03', 'Aliquid incidunt' );
INSERT INTO TELEFONES ( PESSOA, TELEFONE )
	VALUES ( '303.832.940-49', 'Quia optio fuga ' );
INSERT INTO TELEFONES ( PESSOA, TELEFONE )
	VALUES ( '307.270.473-31', 'Sunt sed quos sa' );
INSERT INTO TELEFONES ( PESSOA, TELEFONE )
	VALUES ( '307.270.473-31', 'Sunt dolori' );
INSERT INTO TELEFONES ( PESSOA, TELEFONE )
	VALUES ( '569.049.168-68', 'Sapiente magna' );
INSERT INTO TELEFONES ( PESSOA, TELEFONE )
	VALUES ( '075.037.248-50', 'Laboriosam exc' );
INSERT INTO TELEFONES ( PESSOA, TELEFONE )
	VALUES ( '569.049.168-68', 'Magnam animi' );
INSERT INTO TELEFONES ( PESSOA, TELEFONE )
	VALUES ( '728.029.838-53', 'Maxime n' );
INSERT INTO TELEFONES ( PESSOA, TELEFONE )
	VALUES ( '728.029.838-53', 'Iusto lib' );
INSERT INTO TELEFONES ( PESSOA, TELEFONE )
	VALUES ( '390.359.375-09', 'Laudanti' );
INSERT INTO TELEFONES ( PESSOA, TELEFONE )
	VALUES ( '961.283.387-75', 'Sit recusanda' );
INSERT INTO TELEFONES ( PESSOA, TELEFONE )
	VALUES ( '427.884.570-71', 'Quidem vel' );
INSERT INTO TELEFONES ( PESSOA, TELEFONE )
	VALUES ( '961.283.387-75', 'Tempore labore' );
INSERT INTO TELEFONES ( PESSOA, TELEFONE )
	VALUES ( '288.522.463-04', 'Ipsam sapiente p' );
INSERT INTO TELEFONES ( PESSOA, TELEFONE )
	VALUES ( '427.884.570-71', 'Voluptatibus und' );
INSERT INTO TELEFONES ( PESSOA, TELEFONE )
	VALUES ( '501.673.738-49', 'Nulla providen' );
INSERT INTO TELEFONES ( PESSOA, TELEFONE )
	VALUES ( '427.884.570-71', 'Sunt quia v' );
INSERT INTO TELEFONES ( PESSOA, TELEFONE )
	VALUES ( '882.666.335-97', 'Maxime exer' );
INSERT INTO TELEFONES ( PESSOA, TELEFONE )
	VALUES ( '961.283.387-75', 'Fugiat a' );

/* TABLE EVENTO */
/* NULL INSERTION FOR ATTRIBUTENROPESSOASAT TABLEEVENTO */
INSERT INTO EVENTO ( METODOPAGAMENTO, VALOR, CATEGORIA, CLIENTE, DATAHORA, NROPESSOAS )
	VALUES ( 'Officia volup', 29619.97, 'FORMATURA', '629.603.217-66', to_date ('2011-03-28', 'YYYY-MM-DD'), NULL );
/* NULL INSERTION FOR ATTRIBUTEVALORAT TABLEEVENTO */
INSERT INTO EVENTO ( METODOPAGAMENTO, VALOR, CATEGORIA, CLIENTE, DATAHORA, NROPESSOAS )
	VALUES ( 'Veritatis paria', NULL, 'FORMATURA', '390.359.375-09', to_date ('2018-02-26', 'YYYY-MM-DD'), 592410 );
/* NULL INSERTION FOR ATTRIBUTEMETODOPAGAMENTOAT TABLEEVENTO */
INSERT INTO EVENTO ( METODOPAGAMENTO, VALOR, CATEGORIA, CLIENTE, DATAHORA, NROPESSOAS )
	VALUES ( NULL, 55859.67, 'CASAMENTO', '961.283.387-75', to_date ('2013-10-12', 'YYYY-MM-DD'), 229721 );
INSERT INTO EVENTO ( METODOPAGAMENTO, VALOR, CATEGORIA, CLIENTE, DATAHORA, NROPESSOAS )
	VALUES ( 'Veniam beatae q', 82579.06, 'CASAMENTO', '728.029.838-53', to_date ('2005-08-30', 'YYYY-MM-DD'), 527165 );
INSERT INTO EVENTO ( METODOPAGAMENTO, VALOR, CATEGORIA, CLIENTE, DATAHORA, NROPESSOAS )
	VALUES ( 'Nam dolo', 53576.44, 'FORMATURA', '357.370.667-03', to_date ('2016-10-26', 'YYYY-MM-DD'), 153559 );
INSERT INTO EVENTO ( METODOPAGAMENTO, VALOR, CATEGORIA, CLIENTE, DATAHORA, NROPESSOAS )
	VALUES ( 'Quibusdam', 77552.51, 'FORMATURA', '728.029.838-53', to_date ('2000-06-25', 'YYYY-MM-DD'), 502636 );
INSERT INTO EVENTO ( METODOPAGAMENTO, VALOR, CATEGORIA, CLIENTE, DATAHORA, NROPESSOAS )
	VALUES ( 'Quia magni', 80160.28, 'FORMATURA', '427.884.570-71', to_date ('2006-06-11', 'YYYY-MM-DD'), 481588 );
INSERT INTO EVENTO ( METODOPAGAMENTO, VALOR, CATEGORIA, CLIENTE, DATAHORA, NROPESSOAS )
	VALUES ( 'Voluptate ducimu', 53815.53, 'CASAMENTO', '629.603.217-66', to_date ('2002-08-07', 'YYYY-MM-DD'), 721266 );
INSERT INTO EVENTO ( METODOPAGAMENTO, VALOR, CATEGORIA, CLIENTE, DATAHORA, NROPESSOAS )
	VALUES ( 'Animi debiti', 5503.75, 'FORMATURA', '882.666.335-97', to_date ('2008-10-16', 'YYYY-MM-DD'), 114960 );
INSERT INTO EVENTO ( METODOPAGAMENTO, VALOR, CATEGORIA, CLIENTE, DATAHORA, NROPESSOAS )
	VALUES ( 'Repellat q', 73350.16, 'FORMATURA', '501.673.738-49', to_date ('2018-04-27', 'YYYY-MM-DD'), 688073 );
INSERT INTO EVENTO ( METODOPAGAMENTO, VALOR, CATEGORIA, CLIENTE, DATAHORA, NROPESSOAS )
	VALUES ( 'Doloribus ', 89004.19, 'FORMATURA', '528.412.331-89', to_date ('2012-04-30', 'YYYY-MM-DD'), 757932 );
INSERT INTO EVENTO ( METODOPAGAMENTO, VALOR, CATEGORIA, CLIENTE, DATAHORA, NROPESSOAS )
	VALUES ( 'Quos assumend', 62571.45, 'FORMATURA', '298.368.878-90', to_date ('2011-03-06', 'YYYY-MM-DD'), 537741 );
INSERT INTO EVENTO ( METODOPAGAMENTO, VALOR, CATEGORIA, CLIENTE, DATAHORA, NROPESSOAS )
	VALUES ( 'Dolorem no', 60152.0, 'FORMATURA', '991.090.131-61', to_date ('2000-12-29', 'YYYY-MM-DD'), 806675 );
INSERT INTO EVENTO ( METODOPAGAMENTO, VALOR, CATEGORIA, CLIENTE, DATAHORA, NROPESSOAS )
	VALUES ( 'Omnis reicien', 1469.05, 'FORMATURA', '751.257.222-88', to_date ('2004-01-22', 'YYYY-MM-DD'), 442684 );
INSERT INTO EVENTO ( METODOPAGAMENTO, VALOR, CATEGORIA, CLIENTE, DATAHORA, NROPESSOAS )
	VALUES ( 'Eum facil', 82065.99, 'CASAMENTO', '868.629.435-49', to_date ('2011-04-02', 'YYYY-MM-DD'), 321589 );
INSERT INTO EVENTO ( METODOPAGAMENTO, VALOR, CATEGORIA, CLIENTE, DATAHORA, NROPESSOAS )
	VALUES ( 'Impedit labo', 94187.17, 'CASAMENTO', '629.603.217-66', to_date ('2017-06-13', 'YYYY-MM-DD'), 860405 );
INSERT INTO EVENTO ( METODOPAGAMENTO, VALOR, CATEGORIA, CLIENTE, DATAHORA, NROPESSOAS )
	VALUES ( 'A repudiandae qu', 31724.48, 'CASAMENTO', '326.255.373-75', to_date ('2006-01-19', 'YYYY-MM-DD'), 879773 );
INSERT INTO EVENTO ( METODOPAGAMENTO, VALOR, CATEGORIA, CLIENTE, DATAHORA, NROPESSOAS )
	VALUES ( 'Ea quo cup', 45493.7, 'CASAMENTO', '961.283.387-75', to_date ('2006-06-08', 'YYYY-MM-DD'), 288419 );
INSERT INTO EVENTO ( METODOPAGAMENTO, VALOR, CATEGORIA, CLIENTE, DATAHORA, NROPESSOAS )
	VALUES ( 'Atque nisi deser', 70437.83, 'FORMATURA', '303.832.940-49', to_date ('2004-09-03', 'YYYY-MM-DD'), 262512 );
INSERT INTO EVENTO ( METODOPAGAMENTO, VALOR, CATEGORIA, CLIENTE, DATAHORA, NROPESSOAS )
	VALUES ( 'Iure eve', 43207.91, 'FORMATURA', '817.912.478-16', to_date ('2006-11-09', 'YYYY-MM-DD'), 676942 );
INSERT INTO EVENTO ( METODOPAGAMENTO, VALOR, CATEGORIA, CLIENTE, DATAHORA, NROPESSOAS )
	VALUES ( 'Labore facer', 19243.07, 'FORMATURA', '307.270.473-31', to_date ('2018-04-21', 'YYYY-MM-DD'), 626986 );
INSERT INTO EVENTO ( METODOPAGAMENTO, VALOR, CATEGORIA, CLIENTE, DATAHORA, NROPESSOAS )
	VALUES ( 'Ipsam illum iu', 96040.39, 'FORMATURA', '728.029.838-53', to_date ('2004-04-30', 'YYYY-MM-DD'), 123107 );
INSERT INTO EVENTO ( METODOPAGAMENTO, VALOR, CATEGORIA, CLIENTE, DATAHORA, NROPESSOAS )
	VALUES ( 'Sit vel inven', 52573.9, 'FORMATURA', '357.370.667-03', to_date ('2004-09-23', 'YYYY-MM-DD'), 853252 );

/* TABLE FUNCIONARIO_EVENTO */
INSERT INTO FUNCIONARIO_EVENTO ( CLIENTE, FUNCIONARIO, DATAHORA )
	VALUES ( '357.370.667-03', '868.629.435-49', to_date ('2004-09-23', 'YYYY-MM-DD') );
INSERT INTO FUNCIONARIO_EVENTO ( CLIENTE, FUNCIONARIO, DATAHORA )
	VALUES ( '326.255.373-75', '303.832.940-49', to_date ('2006-01-19', 'YYYY-MM-DD') );
INSERT INTO FUNCIONARIO_EVENTO ( CLIENTE, FUNCIONARIO, DATAHORA )
	VALUES ( '961.283.387-75', '728.029.838-53', to_date ('2006-06-08', 'YYYY-MM-DD') );
INSERT INTO FUNCIONARIO_EVENTO ( CLIENTE, FUNCIONARIO, DATAHORA )
	VALUES ( '629.603.217-66', '751.257.222-88', to_date ('2002-08-07', 'YYYY-MM-DD') );
INSERT INTO FUNCIONARIO_EVENTO ( CLIENTE, FUNCIONARIO, DATAHORA )
	VALUES ( '528.412.331-89', '569.049.168-68', to_date ('2012-04-30', 'YYYY-MM-DD') );
INSERT INTO FUNCIONARIO_EVENTO ( CLIENTE, FUNCIONARIO, DATAHORA )
	VALUES ( '817.912.478-16', '817.912.478-16', to_date ('2006-11-09', 'YYYY-MM-DD') );
INSERT INTO FUNCIONARIO_EVENTO ( CLIENTE, FUNCIONARIO, DATAHORA )
	VALUES ( '629.603.217-66', '991.090.131-61', to_date ('2017-06-13', 'YYYY-MM-DD') );
INSERT INTO FUNCIONARIO_EVENTO ( CLIENTE, FUNCIONARIO, DATAHORA )
	VALUES ( '303.832.940-49', '288.522.463-04', to_date ('2004-09-03', 'YYYY-MM-DD') );
INSERT INTO FUNCIONARIO_EVENTO ( CLIENTE, FUNCIONARIO, DATAHORA )
	VALUES ( '357.370.667-03', '728.029.838-53', to_date ('2016-10-26', 'YYYY-MM-DD') );
INSERT INTO FUNCIONARIO_EVENTO ( CLIENTE, FUNCIONARIO, DATAHORA )
	VALUES ( '882.666.335-97', '629.603.217-66', to_date ('2008-10-16', 'YYYY-MM-DD') );
INSERT INTO FUNCIONARIO_EVENTO ( CLIENTE, FUNCIONARIO, DATAHORA )
	VALUES ( '868.629.435-49', '882.666.335-97', to_date ('2011-04-02', 'YYYY-MM-DD') );
INSERT INTO FUNCIONARIO_EVENTO ( CLIENTE, FUNCIONARIO, DATAHORA )
	VALUES ( '817.912.478-16', '390.359.375-09', to_date ('2006-11-09', 'YYYY-MM-DD') );
INSERT INTO FUNCIONARIO_EVENTO ( CLIENTE, FUNCIONARIO, DATAHORA )
	VALUES ( '303.832.940-49', '326.255.373-75', to_date ('2004-09-03', 'YYYY-MM-DD') );
INSERT INTO FUNCIONARIO_EVENTO ( CLIENTE, FUNCIONARIO, DATAHORA )
	VALUES ( '991.090.131-61', '075.037.248-50', to_date ('2000-12-29', 'YYYY-MM-DD') );
INSERT INTO FUNCIONARIO_EVENTO ( CLIENTE, FUNCIONARIO, DATAHORA )
	VALUES ( '751.257.222-88', '501.673.738-49', to_date ('2004-01-22', 'YYYY-MM-DD') );
INSERT INTO FUNCIONARIO_EVENTO ( CLIENTE, FUNCIONARIO, DATAHORA )
	VALUES ( '961.283.387-75', '961.283.387-75', to_date ('2006-06-08', 'YYYY-MM-DD') );
INSERT INTO FUNCIONARIO_EVENTO ( CLIENTE, FUNCIONARIO, DATAHORA )
	VALUES ( '629.603.217-66', '528.412.331-89', to_date ('2002-08-07', 'YYYY-MM-DD') );
INSERT INTO FUNCIONARIO_EVENTO ( CLIENTE, FUNCIONARIO, DATAHORA )
	VALUES ( '501.673.738-49', '882.666.335-97', to_date ('2018-04-27', 'YYYY-MM-DD') );
INSERT INTO FUNCIONARIO_EVENTO ( CLIENTE, FUNCIONARIO, DATAHORA )
	VALUES ( '307.270.473-31', '075.037.248-50', to_date ('2018-04-21', 'YYYY-MM-DD') );
INSERT INTO FUNCIONARIO_EVENTO ( CLIENTE, FUNCIONARIO, DATAHORA )
	VALUES ( '868.629.435-49', '307.270.473-31', to_date ('2011-04-02', 'YYYY-MM-DD') );

/* TABLE LOCAL */
/* NULL INSERTION FOR ATTRIBUTECAPACIDADEAT TABLELOCAL */
INSERT INTO LOCAL ( COMPLEMENTO, CAPACIDADE, CEP, CIDADE, NUMERO, TIPO, RUA )
	VALUES ( 'Debitis molestias nihil qui eius', NULL, '28683-015', 'Numquam deserunt corrupti verita', 428134, 'CAMPO', 'Odio soluta voluptas at' );
/* NULL INSERTION FOR ATTRIBUTECOMPLEMENTOAT TABLELOCAL */
INSERT INTO LOCAL ( COMPLEMENTO, CAPACIDADE, CEP, CIDADE, NUMERO, TIPO, RUA )
	VALUES ( NULL, 374678, '01469-098', 'Hic minima sed sunt ', 410081, 'SALAO', 'Perferendis odit sunt dolores ' );
INSERT INTO LOCAL ( COMPLEMENTO, CAPACIDADE, CEP, CIDADE, NUMERO, TIPO, RUA )
	VALUES ( 'Id aperiam nesciunt consequunt', 486953, '18646-163', 'Laborum illo magnam ducimu', 126907, 'CAMPO', 'Earum quidem temporibus' );
INSERT INTO LOCAL ( COMPLEMENTO, CAPACIDADE, CEP, CIDADE, NUMERO, TIPO, RUA )
	VALUES ( 'Iusto quos beatae p', 897197, '44070-225', 'Pariatur dignissimos a', 271237, 'SALAO', 'Ipsam commodi necess' );
INSERT INTO LOCAL ( COMPLEMENTO, CAPACIDADE, CEP, CIDADE, NUMERO, TIPO, RUA )
	VALUES ( 'Ad consectetur blanditiis re', 638582, '89709-146', 'Sint minima ipsum iu', 287052, 'SALAO', 'Nostrum vel nam e' );
INSERT INTO LOCAL ( COMPLEMENTO, CAPACIDADE, CEP, CIDADE, NUMERO, TIPO, RUA )
	VALUES ( 'Eos natus alias tene', 127036, '71809-916', 'Minus id aspernatur dolor exerci', 386300, 'CAMPO', 'Magni facilis vero' );
INSERT INTO LOCAL ( COMPLEMENTO, CAPACIDADE, CEP, CIDADE, NUMERO, TIPO, RUA )
	VALUES ( 'Eos voluptatem ex vita', 143992, '46291-003', 'Cupiditate animi d', 143862, 'SALAO', 'Placeat nam culpa eos exercit' );
INSERT INTO LOCAL ( COMPLEMENTO, CAPACIDADE, CEP, CIDADE, NUMERO, TIPO, RUA )
	VALUES ( 'Tenetur debitis ', 138300, '19601-223', 'Autem corrupti asperna', 485308, 'CAMPO', 'Sint dolorem necessitatibus' );
INSERT INTO LOCAL ( COMPLEMENTO, CAPACIDADE, CEP, CIDADE, NUMERO, TIPO, RUA )
	VALUES ( 'Aliquam perferendis dolorem opti', 860951, '97134-938', 'Ad laudantium similique', 451802, 'SALAO', 'Nihil eos quisquam.' );
INSERT INTO LOCAL ( COMPLEMENTO, CAPACIDADE, CEP, CIDADE, NUMERO, TIPO, RUA )
	VALUES ( 'Occaecati soluta ', 818045, '50026-544', 'Eius cupiditate ut natus magni', 272983, 'CAMPO', 'Nostrum provident enim. Ma' );
INSERT INTO LOCAL ( COMPLEMENTO, CAPACIDADE, CEP, CIDADE, NUMERO, TIPO, RUA )
	VALUES ( 'Quidem itaque debitis eaque labo', 559669, '86050-296', 'Odio a impedit quisq', 822203, 'SALAO', 'Libero id corporis expedita q' );
INSERT INTO LOCAL ( COMPLEMENTO, CAPACIDADE, CEP, CIDADE, NUMERO, TIPO, RUA )
	VALUES ( 'Expedita vero deserunt inventore', 645118, '88229-767', 'Et accusantium co', 574224, 'SALAO', 'Quam numquam odit minus. ' );
INSERT INTO LOCAL ( COMPLEMENTO, CAPACIDADE, CEP, CIDADE, NUMERO, TIPO, RUA )
	VALUES ( 'Ea corrupti moles', 217574, '25274-124', 'Rerum eveniet optio e', 664682, 'CAMPO', 'Sequi magnam simil' );
INSERT INTO LOCAL ( COMPLEMENTO, CAPACIDADE, CEP, CIDADE, NUMERO, TIPO, RUA )
	VALUES ( 'Blanditiis debitis soluta', 351300, '00687-194', 'Excepturi incidunt volupta', 212923, 'CAMPO', 'Quasi perspiciatis dolorem qui' );
INSERT INTO LOCAL ( COMPLEMENTO, CAPACIDADE, CEP, CIDADE, NUMERO, TIPO, RUA )
	VALUES ( 'Exercitationem iusto tempore. Ne', 748784, '44235-043', 'Nesciunt quos cum aut. Dolor', 704619, 'CAMPO', 'Nihil amet placeat re' );
INSERT INTO LOCAL ( COMPLEMENTO, CAPACIDADE, CEP, CIDADE, NUMERO, TIPO, RUA )
	VALUES ( 'Quia eaque delectus officiis.', 665250, '79418-502', 'Autem saepe eius in voluptatem ', 831802, 'SALAO', 'Cupiditate non dignissim' );
INSERT INTO LOCAL ( COMPLEMENTO, CAPACIDADE, CEP, CIDADE, NUMERO, TIPO, RUA )
	VALUES ( 'Esse alias ut ver', 794970, '23662-046', 'Incidunt illum volu', 785460, 'SALAO', 'Nobis suscipit sunt et. Eaque p' );
INSERT INTO LOCAL ( COMPLEMENTO, CAPACIDADE, CEP, CIDADE, NUMERO, TIPO, RUA )
	VALUES ( 'Culpa ipsa amet sed', 206153, '63852-797', 'Veniam placeat nulla', 794214, 'SALAO', 'Tempora atque minus molestiae' );
INSERT INTO LOCAL ( COMPLEMENTO, CAPACIDADE, CEP, CIDADE, NUMERO, TIPO, RUA )
	VALUES ( 'Eaque aperiam natus tenetur s', 550992, '21416-941', 'Quae vero ducimus eius blan', 738352, 'CAMPO', 'Minima iure culpa' );
INSERT INTO LOCAL ( COMPLEMENTO, CAPACIDADE, CEP, CIDADE, NUMERO, TIPO, RUA )
	VALUES ( 'Ea quos quos nam exp', 144085, '52714-955', 'Ut dignissimos aliqui', 808986, 'CAMPO', 'Aliquid a rerum en' );
INSERT INTO LOCAL ( COMPLEMENTO, CAPACIDADE, CEP, CIDADE, NUMERO, TIPO, RUA )
	VALUES ( 'Odio libero molestiae repudi', 421345, '14353-621', 'Velit modi accusantium est ma', 530422, 'SALAO', 'Non sint rem commodi veritatis.' );
INSERT INTO LOCAL ( COMPLEMENTO, CAPACIDADE, CEP, CIDADE, NUMERO, TIPO, RUA )
	VALUES ( 'Repellendus enim e', 536816, '04424-839', 'Fugit accusantium', 817275, 'CAMPO', 'Alias quis optio a' );

/* TABLE SALAO */
INSERT INTO SALAO ( ID )
	VALUES ( 8 );
INSERT INTO SALAO ( ID )
	VALUES ( 14 );
INSERT INTO SALAO ( ID )
	VALUES ( 13 );
INSERT INTO SALAO ( ID )
	VALUES ( 17 );
INSERT INTO SALAO ( ID )
	VALUES ( 16 );
INSERT INTO SALAO ( ID )
	VALUES ( 4 );
INSERT INTO SALAO ( ID )
	VALUES ( 18 );
INSERT INTO SALAO ( ID )
	VALUES ( 2 );
INSERT INTO SALAO ( ID )
	VALUES ( 1 );
INSERT INTO SALAO ( ID )
	VALUES ( 11 );
INSERT INTO SALAO ( ID )
	VALUES ( 10 );
INSERT INTO SALAO ( ID )
	VALUES ( 5 );
INSERT INTO SALAO ( ID )
	VALUES ( 19 );
INSERT INTO SALAO ( ID )
	VALUES ( 6 );
INSERT INTO SALAO ( ID )
	VALUES ( 9 );
INSERT INTO SALAO ( ID )
	VALUES ( 7 );
INSERT INTO SALAO ( ID )
	VALUES ( 3 );
INSERT INTO SALAO ( ID )
	VALUES ( 12 );
INSERT INTO SALAO ( ID )
	VALUES ( 20 );
INSERT INTO SALAO ( ID )
	VALUES ( 15 );

/* TABLE CAMPO */
/* COMMAND BLOCKED (CAN'T SOLVE FK). */
INSERT INTO CAMPO ( ID )
	VALUES ( 18 );
INSERT INTO CAMPO ( ID )
	VALUES ( 5 );
INSERT INTO CAMPO ( ID )
	VALUES ( 12 );
INSERT INTO CAMPO ( ID )
	VALUES ( 11 );
INSERT INTO CAMPO ( ID )
	VALUES ( 15 );
INSERT INTO CAMPO ( ID )
	VALUES ( 13 );
INSERT INTO CAMPO ( ID )
	VALUES ( 4 );
INSERT INTO CAMPO ( ID )
	VALUES ( 1 );
INSERT INTO CAMPO ( ID )
	VALUES ( 16 );
INSERT INTO CAMPO ( ID )
	VALUES ( 10 );
INSERT INTO CAMPO ( ID )
	VALUES ( 6 );
INSERT INTO CAMPO ( ID )
	VALUES ( 8 );
INSERT INTO CAMPO ( ID )
	VALUES ( 9 );
INSERT INTO CAMPO ( ID )
	VALUES ( 7 );
INSERT INTO CAMPO ( ID )
	VALUES ( 14 );
INSERT INTO CAMPO ( ID )
	VALUES ( 17 );
INSERT INTO CAMPO ( ID )
	VALUES ( 2 );
INSERT INTO CAMPO ( ID )
	VALUES ( 20 );
INSERT INTO CAMPO ( ID )
	VALUES ( 3 );

/* TABLE FORMATURA */
INSERT INTO FORMATURA ( BARTENDER, CLIENTE, SALAO, DATAHORA, COPEIRO )
	VALUES ( '728.029.838-53', '501.673.738-49', 17, to_date ('2018-04-27', 'YYYY-MM-DD'), '307.270.473-31' );
INSERT INTO FORMATURA ( BARTENDER, CLIENTE, SALAO, DATAHORA, COPEIRO )
	VALUES ( '307.270.473-31', '728.029.838-53', 19, to_date ('2000-06-25', 'YYYY-MM-DD'), '303.832.940-49' );
INSERT INTO FORMATURA ( BARTENDER, CLIENTE, SALAO, DATAHORA, COPEIRO )
	VALUES ( '501.673.738-49', '728.029.838-53', 8, to_date ('2004-04-30', 'YYYY-MM-DD'), '817.912.478-16' );
INSERT INTO FORMATURA ( BARTENDER, CLIENTE, SALAO, DATAHORA, COPEIRO )
	VALUES ( '629.603.217-66', '868.629.435-49', 18, to_date ('2011-04-02', 'YYYY-MM-DD'), '961.283.387-75' );
INSERT INTO FORMATURA ( BARTENDER, CLIENTE, SALAO, DATAHORA, COPEIRO )
	VALUES ( '307.270.473-31', '298.368.878-90', 11, to_date ('2011-03-06', 'YYYY-MM-DD'), '427.884.570-71' );
INSERT INTO FORMATURA ( BARTENDER, CLIENTE, SALAO, DATAHORA, COPEIRO )
	VALUES ( '882.666.335-97', '303.832.940-49', 16, to_date ('2004-09-03', 'YYYY-MM-DD'), '307.270.473-31' );
INSERT INTO FORMATURA ( BARTENDER, CLIENTE, SALAO, DATAHORA, COPEIRO )
	VALUES ( '427.884.570-71', '882.666.335-97', 1, to_date ('2008-10-16', 'YYYY-MM-DD'), '307.270.473-31' );
INSERT INTO FORMATURA ( BARTENDER, CLIENTE, SALAO, DATAHORA, COPEIRO )
	VALUES ( '501.673.738-49', '629.603.217-66', 11, to_date ('2017-06-13', 'YYYY-MM-DD'), '288.522.463-04' );
INSERT INTO FORMATURA ( BARTENDER, CLIENTE, SALAO, DATAHORA, COPEIRO )
	VALUES ( '569.049.168-68', '326.255.373-75', 13, to_date ('2006-01-19', 'YYYY-MM-DD'), '075.037.248-50' );
INSERT INTO FORMATURA ( BARTENDER, CLIENTE, SALAO, DATAHORA, COPEIRO )
	VALUES ( '991.090.131-61', '751.257.222-88', 18, to_date ('2004-01-22', 'YYYY-MM-DD'), '326.255.373-75' );
INSERT INTO FORMATURA ( BARTENDER, CLIENTE, SALAO, DATAHORA, COPEIRO )
	VALUES ( '288.522.463-04', '357.370.667-03', 9, to_date ('2004-09-23', 'YYYY-MM-DD'), '751.257.222-88' );
INSERT INTO FORMATURA ( BARTENDER, CLIENTE, SALAO, DATAHORA, COPEIRO )
	VALUES ( '817.912.478-16', '307.270.473-31', 7, to_date ('2018-04-21', 'YYYY-MM-DD'), '961.283.387-75' );
INSERT INTO FORMATURA ( BARTENDER, CLIENTE, SALAO, DATAHORA, COPEIRO )
	VALUES ( '569.049.168-68', '817.912.478-16', 5, to_date ('2006-11-09', 'YYYY-MM-DD'), '751.257.222-88' );
INSERT INTO FORMATURA ( BARTENDER, CLIENTE, SALAO, DATAHORA, COPEIRO )
	VALUES ( '728.029.838-53', '728.029.838-53', 18, to_date ('2005-08-30', 'YYYY-MM-DD'), '817.912.478-16' );
INSERT INTO FORMATURA ( BARTENDER, CLIENTE, SALAO, DATAHORA, COPEIRO )
	VALUES ( '868.629.435-49', '357.370.667-03', 17, to_date ('2016-10-26', 'YYYY-MM-DD'), '868.629.435-49' );
INSERT INTO FORMATURA ( BARTENDER, CLIENTE, SALAO, DATAHORA, COPEIRO )
	VALUES ( '991.090.131-61', '961.283.387-75', 18, to_date ('2006-06-08', 'YYYY-MM-DD'), '303.832.940-49' );
INSERT INTO FORMATURA ( BARTENDER, CLIENTE, SALAO, DATAHORA, COPEIRO )
	VALUES ( '075.037.248-50', '629.603.217-66', 13, to_date ('2002-08-07', 'YYYY-MM-DD'), '427.884.570-71' );
INSERT INTO FORMATURA ( BARTENDER, CLIENTE, SALAO, DATAHORA, COPEIRO )
	VALUES ( '817.912.478-16', '427.884.570-71', 12, to_date ('2006-06-11', 'YYYY-MM-DD'), '307.270.473-31' );
INSERT INTO FORMATURA ( BARTENDER, CLIENTE, SALAO, DATAHORA, COPEIRO )
	VALUES ( '288.522.463-04', '528.412.331-89', 1, to_date ('2012-04-30', 'YYYY-MM-DD'), '569.049.168-68' );
INSERT INTO FORMATURA ( BARTENDER, CLIENTE, SALAO, DATAHORA, COPEIRO )
	VALUES ( '326.255.373-75', '991.090.131-61', 16, to_date ('2000-12-29', 'YYYY-MM-DD'), '501.673.738-49' );

/* TABLE CASAMENTO */
INSERT INTO CASAMENTO ( CHEF, CLIENTE, DATAHORA, MAITRE, LOCAL )
	VALUES ( '307.270.473-31', '882.666.335-97', to_date ('2008-10-16', 'YYYY-MM-DD'), '882.666.335-97', 15 );
INSERT INTO CASAMENTO ( CHEF, CLIENTE, DATAHORA, MAITRE, LOCAL )
	VALUES ( '075.037.248-50', '728.029.838-53', to_date ('2005-08-30', 'YYYY-MM-DD'), '961.283.387-75', 9 );
INSERT INTO CASAMENTO ( CHEF, CLIENTE, DATAHORA, MAITRE, LOCAL )
	VALUES ( '868.629.435-49', '728.029.838-53', to_date ('2004-04-30', 'YYYY-MM-DD'), '629.603.217-66', 13 );
INSERT INTO CASAMENTO ( CHEF, CLIENTE, DATAHORA, MAITRE, LOCAL )
	VALUES ( '528.412.331-89', '817.912.478-16', to_date ('2006-11-09', 'YYYY-MM-DD'), '817.912.478-16', 4 );
INSERT INTO CASAMENTO ( CHEF, CLIENTE, DATAHORA, MAITRE, LOCAL )
	VALUES ( '961.283.387-75', '303.832.940-49', to_date ('2004-09-03', 'YYYY-MM-DD'), '528.412.331-89', 10 );
INSERT INTO CASAMENTO ( CHEF, CLIENTE, DATAHORA, MAITRE, LOCAL )
	VALUES ( '728.029.838-53', '751.257.222-88', to_date ('2004-01-22', 'YYYY-MM-DD'), '728.029.838-53', 16 );
INSERT INTO CASAMENTO ( CHEF, CLIENTE, DATAHORA, MAITRE, LOCAL )
	VALUES ( '961.283.387-75', '357.370.667-03', to_date ('2004-09-23', 'YYYY-MM-DD'), '298.368.878-90', 6 );
INSERT INTO CASAMENTO ( CHEF, CLIENTE, DATAHORA, MAITRE, LOCAL )
	VALUES ( '961.283.387-75', '427.884.570-71', to_date ('2006-06-11', 'YYYY-MM-DD'), '357.370.667-03', 6 );
INSERT INTO CASAMENTO ( CHEF, CLIENTE, DATAHORA, MAITRE, LOCAL )
	VALUES ( '751.257.222-88', '326.255.373-75', to_date ('2006-01-19', 'YYYY-MM-DD'), '528.412.331-89', 2 );
INSERT INTO CASAMENTO ( CHEF, CLIENTE, DATAHORA, MAITRE, LOCAL )
	VALUES ( '288.522.463-04', '991.090.131-61', to_date ('2000-12-29', 'YYYY-MM-DD'), '882.666.335-97', 16 );
INSERT INTO CASAMENTO ( CHEF, CLIENTE, DATAHORA, MAITRE, LOCAL )
	VALUES ( '288.522.463-04', '357.370.667-03', to_date ('2016-10-26', 'YYYY-MM-DD'), '991.090.131-61', 9 );
INSERT INTO CASAMENTO ( CHEF, CLIENTE, DATAHORA, MAITRE, LOCAL )
	VALUES ( '298.368.878-90', '728.029.838-53', to_date ('2000-06-25', 'YYYY-MM-DD'), '501.673.738-49', 19 );
INSERT INTO CASAMENTO ( CHEF, CLIENTE, DATAHORA, MAITRE, LOCAL )
	VALUES ( '961.283.387-75', '629.603.217-66', to_date ('2017-06-13', 'YYYY-MM-DD'), '303.832.940-49', 9 );
INSERT INTO CASAMENTO ( CHEF, CLIENTE, DATAHORA, MAITRE, LOCAL )
	VALUES ( '868.629.435-49', '307.270.473-31', to_date ('2018-04-21', 'YYYY-MM-DD'), '868.629.435-49', 2 );
INSERT INTO CASAMENTO ( CHEF, CLIENTE, DATAHORA, MAITRE, LOCAL )
	VALUES ( '629.603.217-66', '961.283.387-75', to_date ('2006-06-08', 'YYYY-MM-DD'), '868.629.435-49', 20 );
INSERT INTO CASAMENTO ( CHEF, CLIENTE, DATAHORA, MAITRE, LOCAL )
	VALUES ( '868.629.435-49', '298.368.878-90', to_date ('2011-03-06', 'YYYY-MM-DD'), '961.283.387-75', 11 );
INSERT INTO CASAMENTO ( CHEF, CLIENTE, DATAHORA, MAITRE, LOCAL )
	VALUES ( '991.090.131-61', '629.603.217-66', to_date ('2002-08-07', 'YYYY-MM-DD'), '528.412.331-89', 15 );
INSERT INTO CASAMENTO ( CHEF, CLIENTE, DATAHORA, MAITRE, LOCAL )
	VALUES ( '390.359.375-09', '868.629.435-49', to_date ('2011-04-02', 'YYYY-MM-DD'), '728.029.838-53', 7 );
INSERT INTO CASAMENTO ( CHEF, CLIENTE, DATAHORA, MAITRE, LOCAL )
	VALUES ( '298.368.878-90', '501.673.738-49', to_date ('2018-04-27', 'YYYY-MM-DD'), '390.359.375-09', 2 );
INSERT INTO CASAMENTO ( CHEF, CLIENTE, DATAHORA, MAITRE, LOCAL )
	VALUES ( '751.257.222-88', '528.412.331-89', to_date ('2012-04-30', 'YYYY-MM-DD'), '751.257.222-88', 19 );

/* TABLE CARDAPIO */
INSERT INTO CARDAPIO ( CLIENTE, DATAHORA, NROITEMS )
	VALUES ( '991.090.131-61', to_date ('2000-12-29', 'YYYY-MM-DD'), 510857 );
INSERT INTO CARDAPIO ( CLIENTE, DATAHORA, NROITEMS )
	VALUES ( '629.603.217-66', to_date ('2002-08-07', 'YYYY-MM-DD'), 417712 );
INSERT INTO CARDAPIO ( CLIENTE, DATAHORA, NROITEMS )
	VALUES ( '427.884.570-71', to_date ('2006-06-11', 'YYYY-MM-DD'), 852933 );
INSERT INTO CARDAPIO ( CLIENTE, DATAHORA, NROITEMS )
	VALUES ( '528.412.331-89', to_date ('2012-04-30', 'YYYY-MM-DD'), 187548 );
INSERT INTO CARDAPIO ( CLIENTE, DATAHORA, NROITEMS )
	VALUES ( '326.255.373-75', to_date ('2006-01-19', 'YYYY-MM-DD'), 735499 );
INSERT INTO CARDAPIO ( CLIENTE, DATAHORA, NROITEMS )
	VALUES ( '728.029.838-53', to_date ('2004-04-30', 'YYYY-MM-DD'), 332323 );
INSERT INTO CARDAPIO ( CLIENTE, DATAHORA, NROITEMS )
	VALUES ( '817.912.478-16', to_date ('2006-11-09', 'YYYY-MM-DD'), 753336 );
INSERT INTO CARDAPIO ( CLIENTE, DATAHORA, NROITEMS )
	VALUES ( '303.832.940-49', to_date ('2004-09-03', 'YYYY-MM-DD'), 760639 );
INSERT INTO CARDAPIO ( CLIENTE, DATAHORA, NROITEMS )
	VALUES ( '728.029.838-53', to_date ('2005-08-30', 'YYYY-MM-DD'), 632773 );
INSERT INTO CARDAPIO ( CLIENTE, DATAHORA, NROITEMS )
	VALUES ( '868.629.435-49', to_date ('2011-04-02', 'YYYY-MM-DD'), 688913 );
INSERT INTO CARDAPIO ( CLIENTE, DATAHORA, NROITEMS )
	VALUES ( '357.370.667-03', to_date ('2004-09-23', 'YYYY-MM-DD'), 482813 );
INSERT INTO CARDAPIO ( CLIENTE, DATAHORA, NROITEMS )
	VALUES ( '961.283.387-75', to_date ('2006-06-08', 'YYYY-MM-DD'), 568628 );
INSERT INTO CARDAPIO ( CLIENTE, DATAHORA, NROITEMS )
	VALUES ( '728.029.838-53', to_date ('2000-06-25', 'YYYY-MM-DD'), 554107 );
INSERT INTO CARDAPIO ( CLIENTE, DATAHORA, NROITEMS )
	VALUES ( '629.603.217-66', to_date ('2017-06-13', 'YYYY-MM-DD'), 775475 );
INSERT INTO CARDAPIO ( CLIENTE, DATAHORA, NROITEMS )
	VALUES ( '307.270.473-31', to_date ('2018-04-21', 'YYYY-MM-DD'), 863397 );
INSERT INTO CARDAPIO ( CLIENTE, DATAHORA, NROITEMS )
	VALUES ( '882.666.335-97', to_date ('2008-10-16', 'YYYY-MM-DD'), 708671 );
INSERT INTO CARDAPIO ( CLIENTE, DATAHORA, NROITEMS )
	VALUES ( '298.368.878-90', to_date ('2011-03-06', 'YYYY-MM-DD'), 655507 );
INSERT INTO CARDAPIO ( CLIENTE, DATAHORA, NROITEMS )
	VALUES ( '751.257.222-88', to_date ('2004-01-22', 'YYYY-MM-DD'), 762254 );
INSERT INTO CARDAPIO ( CLIENTE, DATAHORA, NROITEMS )
	VALUES ( '357.370.667-03', to_date ('2016-10-26', 'YYYY-MM-DD'), 715700 );
INSERT INTO CARDAPIO ( CLIENTE, DATAHORA, NROITEMS )
	VALUES ( '501.673.738-49', to_date ('2018-04-27', 'YYYY-MM-DD'), 768742 );

/* TABLE ITEM */
INSERT INTO ITEM ( NOME )
	VALUES ( 'Eligendi nisi exercitationem ' );
INSERT INTO ITEM ( NOME )
	VALUES ( 'Delectus dolore esse voluptat' );
INSERT INTO ITEM ( NOME )
	VALUES ( 'Numquam est sint nemo ab. Ad pra' );
INSERT INTO ITEM ( NOME )
	VALUES ( 'Architecto necessit' );
INSERT INTO ITEM ( NOME )
	VALUES ( 'Excepturi totam quasi error.' );
INSERT INTO ITEM ( NOME )
	VALUES ( 'Excepturi sed dolor. Incidunt ve' );
INSERT INTO ITEM ( NOME )
	VALUES ( 'Eligendi est quas quae consectet' );
INSERT INTO ITEM ( NOME )
	VALUES ( 'Asperiores error' );
INSERT INTO ITEM ( NOME )
	VALUES ( 'Incidunt iste fuga ' );
INSERT INTO ITEM ( NOME )
	VALUES ( 'Amet quibusdam sapie' );
INSERT INTO ITEM ( NOME )
	VALUES ( 'Error aut temporibus tenetur.' );
INSERT INTO ITEM ( NOME )
	VALUES ( 'Quia sint ipsa debitis ' );
INSERT INTO ITEM ( NOME )
	VALUES ( 'Alias ratione sed repellat ten' );
INSERT INTO ITEM ( NOME )
	VALUES ( 'Aspernatur exercitatione' );
INSERT INTO ITEM ( NOME )
	VALUES ( 'Fugiat mollitia quis dignissimos' );
INSERT INTO ITEM ( NOME )
	VALUES ( 'Blanditiis vel qu' );
INSERT INTO ITEM ( NOME )
	VALUES ( 'Magnam quos commodi a sunt ' );
INSERT INTO ITEM ( NOME )
	VALUES ( 'Nobis enim modi i' );
INSERT INTO ITEM ( NOME )
	VALUES ( 'Aliquam non perspi' );
INSERT INTO ITEM ( NOME )
	VALUES ( 'Maiores numquam cumque s' );

/* TABLE CARDAPIO_ITEM */
INSERT INTO CARDAPIO_ITEM ( CLIENTE, DATAHORA, ITEM )
	VALUES ( '629.603.217-66', to_date ('2017-06-13', 'YYYY-MM-DD'), 'Eligendi est quas quae consectet' );
INSERT INTO CARDAPIO_ITEM ( CLIENTE, DATAHORA, ITEM )
	VALUES ( '629.603.217-66', to_date ('2017-06-13', 'YYYY-MM-DD'), 'Magnam quos commodi a sunt ' );
INSERT INTO CARDAPIO_ITEM ( CLIENTE, DATAHORA, ITEM )
	VALUES ( '326.255.373-75', to_date ('2006-01-19', 'YYYY-MM-DD'), 'Excepturi totam quasi error.' );
INSERT INTO CARDAPIO_ITEM ( CLIENTE, DATAHORA, ITEM )
	VALUES ( '303.832.940-49', to_date ('2004-09-03', 'YYYY-MM-DD'), 'Architecto necessit' );
INSERT INTO CARDAPIO_ITEM ( CLIENTE, DATAHORA, ITEM )
	VALUES ( '751.257.222-88', to_date ('2004-01-22', 'YYYY-MM-DD'), 'Architecto necessit' );
INSERT INTO CARDAPIO_ITEM ( CLIENTE, DATAHORA, ITEM )
	VALUES ( '817.912.478-16', to_date ('2006-11-09', 'YYYY-MM-DD'), 'Alias ratione sed repellat ten' );
INSERT INTO CARDAPIO_ITEM ( CLIENTE, DATAHORA, ITEM )
	VALUES ( '501.673.738-49', to_date ('2018-04-27', 'YYYY-MM-DD'), 'Numquam est sint nemo ab. Ad pra' );
INSERT INTO CARDAPIO_ITEM ( CLIENTE, DATAHORA, ITEM )
	VALUES ( '303.832.940-49', to_date ('2004-09-03', 'YYYY-MM-DD'), 'Asperiores error' );
INSERT INTO CARDAPIO_ITEM ( CLIENTE, DATAHORA, ITEM )
	VALUES ( '728.029.838-53', to_date ('2004-04-30', 'YYYY-MM-DD'), 'Eligendi nisi exercitationem ' );
INSERT INTO CARDAPIO_ITEM ( CLIENTE, DATAHORA, ITEM )
	VALUES ( '817.912.478-16', to_date ('2006-11-09', 'YYYY-MM-DD'), 'Blanditiis vel qu' );
INSERT INTO CARDAPIO_ITEM ( CLIENTE, DATAHORA, ITEM )
	VALUES ( '728.029.838-53', to_date ('2005-08-30', 'YYYY-MM-DD'), 'Fugiat mollitia quis dignissimos' );
INSERT INTO CARDAPIO_ITEM ( CLIENTE, DATAHORA, ITEM )
	VALUES ( '427.884.570-71', to_date ('2006-06-11', 'YYYY-MM-DD'), 'Alias ratione sed repellat ten' );
INSERT INTO CARDAPIO_ITEM ( CLIENTE, DATAHORA, ITEM )
	VALUES ( '326.255.373-75', to_date ('2006-01-19', 'YYYY-MM-DD'), 'Aspernatur exercitatione' );
INSERT INTO CARDAPIO_ITEM ( CLIENTE, DATAHORA, ITEM )
	VALUES ( '298.368.878-90', to_date ('2011-03-06', 'YYYY-MM-DD'), 'Error aut temporibus tenetur.' );
INSERT INTO CARDAPIO_ITEM ( CLIENTE, DATAHORA, ITEM )
	VALUES ( '629.603.217-66', to_date ('2002-08-07', 'YYYY-MM-DD'), 'Aliquam non perspi' );
INSERT INTO CARDAPIO_ITEM ( CLIENTE, DATAHORA, ITEM )
	VALUES ( '357.370.667-03', to_date ('2016-10-26', 'YYYY-MM-DD'), 'Fugiat mollitia quis dignissimos' );
INSERT INTO CARDAPIO_ITEM ( CLIENTE, DATAHORA, ITEM )
	VALUES ( '991.090.131-61', to_date ('2000-12-29', 'YYYY-MM-DD'), 'Numquam est sint nemo ab. Ad pra' );
INSERT INTO CARDAPIO_ITEM ( CLIENTE, DATAHORA, ITEM )
	VALUES ( '357.370.667-03', to_date ('2016-10-26', 'YYYY-MM-DD'), 'Quia sint ipsa debitis ' );
INSERT INTO CARDAPIO_ITEM ( CLIENTE, DATAHORA, ITEM )
	VALUES ( '991.090.131-61', to_date ('2000-12-29', 'YYYY-MM-DD'), 'Delectus dolore esse voluptat' );
INSERT INTO CARDAPIO_ITEM ( CLIENTE, DATAHORA, ITEM )
	VALUES ( '357.370.667-03', to_date ('2004-09-23', 'YYYY-MM-DD'), 'Delectus dolore esse voluptat' );

/* TABLE INGREDIENTES */
INSERT INTO INGREDIENTES ( NOME, ITEM )
	VALUES ( 'Doloremque deleniti sint blandi', 'Excepturi totam quasi error.' );
INSERT INTO INGREDIENTES ( NOME, ITEM )
	VALUES ( 'Dolore minus autem expe', 'Error aut temporibus tenetur.' );
INSERT INTO INGREDIENTES ( NOME, ITEM )
	VALUES ( 'Assumenda saepe nihil. Labor', 'Delectus dolore esse voluptat' );
INSERT INTO INGREDIENTES ( NOME, ITEM )
	VALUES ( 'Laudantium nisi odio n', 'Amet quibusdam sapie' );
INSERT INTO INGREDIENTES ( NOME, ITEM )
	VALUES ( 'Excepturi voluptatum optio vol', 'Magnam quos commodi a sunt ' );
INSERT INTO INGREDIENTES ( NOME, ITEM )
	VALUES ( 'Voluptatibus perspic', 'Incidunt iste fuga ' );
INSERT INTO INGREDIENTES ( NOME, ITEM )
	VALUES ( 'Ea velit labore. Id qui ', 'Aliquam non perspi' );
INSERT INTO INGREDIENTES ( NOME, ITEM )
	VALUES ( 'Illum provident ita', 'Alias ratione sed repellat ten' );
INSERT INTO INGREDIENTES ( NOME, ITEM )
	VALUES ( 'Vel id asperiores illum excep', 'Magnam quos commodi a sunt ' );
INSERT INTO INGREDIENTES ( NOME, ITEM )
	VALUES ( 'Numquam minus asperiores ', 'Excepturi totam quasi error.' );
INSERT INTO INGREDIENTES ( NOME, ITEM )
	VALUES ( 'Aut non a neque nesciunt magn', 'Incidunt iste fuga ' );
INSERT INTO INGREDIENTES ( NOME, ITEM )
	VALUES ( 'Vitae culpa error. Ips', 'Aliquam non perspi' );
INSERT INTO INGREDIENTES ( NOME, ITEM )
	VALUES ( 'Libero ipsa nobis quia ame', 'Numquam est sint nemo ab. Ad pra' );
INSERT INTO INGREDIENTES ( NOME, ITEM )
	VALUES ( 'Tempora adipisci volu', 'Excepturi sed dolor. Incidunt ve' );
INSERT INTO INGREDIENTES ( NOME, ITEM )
	VALUES ( 'Placeat rem maiores ac', 'Numquam est sint nemo ab. Ad pra' );
INSERT INTO INGREDIENTES ( NOME, ITEM )
	VALUES ( 'Voluptas quae ipsam sed atque ex', 'Maiores numquam cumque s' );
INSERT INTO INGREDIENTES ( NOME, ITEM )
	VALUES ( 'In dignissimos modi a', 'Delectus dolore esse voluptat' );
INSERT INTO INGREDIENTES ( NOME, ITEM )
	VALUES ( 'Fugit earum animi hic ne', 'Fugiat mollitia quis dignissimos' );
INSERT INTO INGREDIENTES ( NOME, ITEM )
	VALUES ( 'Voluptas magni ips', 'Amet quibusdam sapie' );
INSERT INTO INGREDIENTES ( NOME, ITEM )
	VALUES ( 'Eum sit nihil voluptatum', 'Aliquam non perspi' );

/* TABLE FORNECEDOR */
INSERT INTO FORNECEDOR ( NOME, CNPJ )
	VALUES ( 'Libero ea in ut voluptatum acc', '64.235.816/1372-55' );
INSERT INTO FORNECEDOR ( NOME, CNPJ )
	VALUES ( 'Possimus in dolores illum adi', '36.887.854/8250-54' );
INSERT INTO FORNECEDOR ( NOME, CNPJ )
	VALUES ( 'Maiores illo off', '90.947.098/5307-30' );
INSERT INTO FORNECEDOR ( NOME, CNPJ )
	VALUES ( 'Recusandae neque laborum volupta', '48.700.979/0377-70' );
INSERT INTO FORNECEDOR ( NOME, CNPJ )
	VALUES ( 'Architecto nostrum a. Natus dol', '95.879.771/8279-61' );
INSERT INTO FORNECEDOR ( NOME, CNPJ )
	VALUES ( 'Recusandae cum simi', '48.421.197/9047-16' );
INSERT INTO FORNECEDOR ( NOME, CNPJ )
	VALUES ( 'Sint ab reprehenderit a nam sun', '62.577.673/6866-79' );
INSERT INTO FORNECEDOR ( NOME, CNPJ )
	VALUES ( 'Magni natus cum ', '43.525.556/8090-27' );
INSERT INTO FORNECEDOR ( NOME, CNPJ )
	VALUES ( 'Maiores saepe error illo', '40.129.740/8077-69' );
INSERT INTO FORNECEDOR ( NOME, CNPJ )
	VALUES ( 'Ex harum maxime molestias p', '21.703.901/7207-38' );
INSERT INTO FORNECEDOR ( NOME, CNPJ )
	VALUES ( 'Aperiam eveniet por', '28.178.114/6554-19' );
INSERT INTO FORNECEDOR ( NOME, CNPJ )
	VALUES ( 'Exercitationem deleniti inc', '76.258.577/9390-02' );
INSERT INTO FORNECEDOR ( NOME, CNPJ )
	VALUES ( 'Facilis eius est simili', '89.904.897/7066-44' );
INSERT INTO FORNECEDOR ( NOME, CNPJ )
	VALUES ( 'Quibusdam vero voluptatibus ipsu', '10.925.129/8075-63' );
INSERT INTO FORNECEDOR ( NOME, CNPJ )
	VALUES ( 'Tempora repellendus di', '10.892.051/5651-35' );
INSERT INTO FORNECEDOR ( NOME, CNPJ )
	VALUES ( 'Libero voluptatum porro tem', '43.685.836/4889-88' );
INSERT INTO FORNECEDOR ( NOME, CNPJ )
	VALUES ( 'Praesentium prov', '87.460.359/8061-43' );
INSERT INTO FORNECEDOR ( NOME, CNPJ )
	VALUES ( 'Quasi iste ipsum exc', '65.557.097/0804-49' );
INSERT INTO FORNECEDOR ( NOME, CNPJ )
	VALUES ( 'Quasi dolorem nostr', '92.735.124/8130-58' );
INSERT INTO FORNECEDOR ( NOME, CNPJ )
	VALUES ( 'Deserunt facilis explic', '94.166.501/6108-34' );

/* TABLE PRODUTO */
INSERT INTO PRODUTO ( NOME )
	VALUES ( 'Omnis quam totam moll' );
INSERT INTO PRODUTO ( NOME )
	VALUES ( 'Voluptate earum con' );
INSERT INTO PRODUTO ( NOME )
	VALUES ( 'Et a voluptate doloremque q' );
INSERT INTO PRODUTO ( NOME )
	VALUES ( 'Ea animi quae eius voluptas c' );
INSERT INTO PRODUTO ( NOME )
	VALUES ( 'Consectetur id nemo accusamus' );
INSERT INTO PRODUTO ( NOME )
	VALUES ( 'Sunt necessitati' );
INSERT INTO PRODUTO ( NOME )
	VALUES ( 'Molestiae impedit nobis ipsam' );
INSERT INTO PRODUTO ( NOME )
	VALUES ( 'Quam minus ab eveniet qu' );
INSERT INTO PRODUTO ( NOME )
	VALUES ( 'Magnam quis itaque ' );
INSERT INTO PRODUTO ( NOME )
	VALUES ( 'Pariatur molestiae id archi' );
INSERT INTO PRODUTO ( NOME )
	VALUES ( 'Voluptatum dicta mollitia haru' );
INSERT INTO PRODUTO ( NOME )
	VALUES ( 'Error sit aut voluptate v' );
INSERT INTO PRODUTO ( NOME )
	VALUES ( 'Ex quaerat harum eveniet at' );
INSERT INTO PRODUTO ( NOME )
	VALUES ( 'Voluptates totam nobi' );
INSERT INTO PRODUTO ( NOME )
	VALUES ( 'Hic quo aliquam praesenti' );
INSERT INTO PRODUTO ( NOME )
	VALUES ( 'Distinctio veritatis a' );
INSERT INTO PRODUTO ( NOME )
	VALUES ( 'Dolores non architecto ' );
INSERT INTO PRODUTO ( NOME )
	VALUES ( 'Unde expedita molestias. Cum pr' );
INSERT INTO PRODUTO ( NOME )
	VALUES ( 'Dolorem velit vero e' );
INSERT INTO PRODUTO ( NOME )
	VALUES ( 'Voluptates eligendi' );

/* TABLE FORNECIMENTO */
/* NULL INSERTION FOR ATTRIBUTENOTAFISCALAT TABLEFORNECIMENTO */
INSERT INTO FORNECIMENTO ( DATA, PRODUTO, VALOR, QUANTIDADE, NOTAFISCAL, FORNECEDOR )
	VALUES ( to_date ('2007-07-05', 'YYYY-MM-DD'), 'Sunt necessitati', 61012.69, 604684, NULL, '10.892.051/5651-35' );
INSERT INTO FORNECIMENTO ( DATA, PRODUTO, VALOR, QUANTIDADE, NOTAFISCAL, FORNECEDOR )
	VALUES ( to_date ('2005-01-16', 'YYYY-MM-DD'), 'Magnam quis itaque ', 19938.06, 777009, 'Occaecati dolorem', '10.892.051/5651-35' );
INSERT INTO FORNECIMENTO ( DATA, PRODUTO, VALOR, QUANTIDADE, NOTAFISCAL, FORNECEDOR )
	VALUES ( to_date ('2004-04-04', 'YYYY-MM-DD'), 'Pariatur molestiae id archi', 42852.1, 774654, 'Iusto excepturi vi', '64.235.816/1372-55' );
INSERT INTO FORNECIMENTO ( DATA, PRODUTO, VALOR, QUANTIDADE, NOTAFISCAL, FORNECEDOR )
	VALUES ( to_date ('2014-02-12', 'YYYY-MM-DD'), 'Magnam quis itaque ', 68770.95, 469348, 'Provident eum ratione qui', '28.178.114/6554-19' );
INSERT INTO FORNECIMENTO ( DATA, PRODUTO, VALOR, QUANTIDADE, NOTAFISCAL, FORNECEDOR )
	VALUES ( to_date ('2001-02-03', 'YYYY-MM-DD'), 'Pariatur molestiae id archi', 46418.26, 193649, 'Necessitatibus vitae sunt volup', '94.166.501/6108-34' );
INSERT INTO FORNECIMENTO ( DATA, PRODUTO, VALOR, QUANTIDADE, NOTAFISCAL, FORNECEDOR )
	VALUES ( to_date ('2005-04-01', 'YYYY-MM-DD'), 'Omnis quam totam moll', 43107.99, 535688, 'Tempore sint minus veritatis a', '10.892.051/5651-35' );
INSERT INTO FORNECIMENTO ( DATA, PRODUTO, VALOR, QUANTIDADE, NOTAFISCAL, FORNECEDOR )
	VALUES ( to_date ('2017-11-21', 'YYYY-MM-DD'), 'Voluptates totam nobi', 97437.12, 586485, 'Quam dolore ducimus nulla nostru', '64.235.816/1372-55' );
INSERT INTO FORNECIMENTO ( DATA, PRODUTO, VALOR, QUANTIDADE, NOTAFISCAL, FORNECEDOR )
	VALUES ( to_date ('2009-01-06', 'YYYY-MM-DD'), 'Dolores non architecto ', 9843.51, 353486, 'Facilis vero eum maiore', '10.925.129/8075-63' );
INSERT INTO FORNECIMENTO ( DATA, PRODUTO, VALOR, QUANTIDADE, NOTAFISCAL, FORNECEDOR )
	VALUES ( to_date ('2000-12-06', 'YYYY-MM-DD'), 'Pariatur molestiae id archi', 25103.5, 437852, 'Sed dolor similique quis minus ', '89.904.897/7066-44' );
INSERT INTO FORNECIMENTO ( DATA, PRODUTO, VALOR, QUANTIDADE, NOTAFISCAL, FORNECEDOR )
	VALUES ( to_date ('2016-04-23', 'YYYY-MM-DD'), 'Error sit aut voluptate v', 80327.41, 201599, 'Tempore omnis dolor om', '40.129.740/8077-69' );
INSERT INTO FORNECIMENTO ( DATA, PRODUTO, VALOR, QUANTIDADE, NOTAFISCAL, FORNECEDOR )
	VALUES ( to_date ('2006-09-18', 'YYYY-MM-DD'), 'Ea animi quae eius voluptas c', 50934.04, 242951, 'Dignissimos blandi', '95.879.771/8279-61' );
INSERT INTO FORNECIMENTO ( DATA, PRODUTO, VALOR, QUANTIDADE, NOTAFISCAL, FORNECEDOR )
	VALUES ( to_date ('2013-11-11', 'YYYY-MM-DD'), 'Voluptate earum con', 54889.03, 519777, 'Doloremque magni magnam ', '28.178.114/6554-19' );
INSERT INTO FORNECIMENTO ( DATA, PRODUTO, VALOR, QUANTIDADE, NOTAFISCAL, FORNECEDOR )
	VALUES ( to_date ('2004-04-18', 'YYYY-MM-DD'), 'Omnis quam totam moll', 70524.35, 476855, 'Numquam deserunt nam moles', '92.735.124/8130-58' );
INSERT INTO FORNECIMENTO ( DATA, PRODUTO, VALOR, QUANTIDADE, NOTAFISCAL, FORNECEDOR )
	VALUES ( to_date ('2000-08-02', 'YYYY-MM-DD'), 'Ex quaerat harum eveniet at', 27623.96, 597250, 'Natus nulla doloremque ex', '89.904.897/7066-44' );
INSERT INTO FORNECIMENTO ( DATA, PRODUTO, VALOR, QUANTIDADE, NOTAFISCAL, FORNECEDOR )
	VALUES ( to_date ('2014-05-13', 'YYYY-MM-DD'), 'Dolores non architecto ', 49388.56, 620046, 'Hic ad alias porr', '48.421.197/9047-16' );
INSERT INTO FORNECIMENTO ( DATA, PRODUTO, VALOR, QUANTIDADE, NOTAFISCAL, FORNECEDOR )
	VALUES ( to_date ('2000-10-28', 'YYYY-MM-DD'), 'Error sit aut voluptate v', 4531.61, 628526, 'Assumenda dolores accusamus', '90.947.098/5307-30' );
INSERT INTO FORNECIMENTO ( DATA, PRODUTO, VALOR, QUANTIDADE, NOTAFISCAL, FORNECEDOR )
	VALUES ( to_date ('2009-04-24', 'YYYY-MM-DD'), 'Consectetur id nemo accusamus', 91084.97, 822591, 'Quae in soluta doloribu', '48.700.979/0377-70' );
INSERT INTO FORNECIMENTO ( DATA, PRODUTO, VALOR, QUANTIDADE, NOTAFISCAL, FORNECEDOR )
	VALUES ( to_date ('2001-10-10', 'YYYY-MM-DD'), 'Et a voluptate doloremque q', 57610.47, 650520, 'Sequi officia optio veritatis d', '10.925.129/8075-63' );
INSERT INTO FORNECIMENTO ( DATA, PRODUTO, VALOR, QUANTIDADE, NOTAFISCAL, FORNECEDOR )
	VALUES ( to_date ('2009-04-08', 'YYYY-MM-DD'), 'Et a voluptate doloremque q', 65269.56, 194977, 'Eaque praesentium sunt libero d', '10.925.129/8075-63' );
INSERT INTO FORNECIMENTO ( DATA, PRODUTO, VALOR, QUANTIDADE, NOTAFISCAL, FORNECEDOR )
	VALUES ( to_date ('2014-11-23', 'YYYY-MM-DD'), 'Quam minus ab eveniet qu', 95656.73, 688230, 'Nostrum beatae minima mag', '40.129.740/8077-69' );
INSERT INTO FORNECIMENTO ( DATA, PRODUTO, VALOR, QUANTIDADE, NOTAFISCAL, FORNECEDOR )
	VALUES ( to_date ('2006-01-26', 'YYYY-MM-DD'), 'Magnam quis itaque ', 62461.06, 287950, 'A velit qui tenetur id ', '87.460.359/8061-43' );

/* TABLE ITEM_FORNECIMENTO */
INSERT INTO ITEM_FORNECIMENTO ( FORNECEDOR, DATA, PRODUTO, ITEM )
	VALUES ( '40.129.740/8077-69', to_date ('2016-04-23', 'YYYY-MM-DD'), 'Error sit aut voluptate v', 'Excepturi totam quasi error.' );
INSERT INTO ITEM_FORNECIMENTO ( FORNECEDOR, DATA, PRODUTO, ITEM )
	VALUES ( '40.129.740/8077-69', to_date ('2014-11-23', 'YYYY-MM-DD'), 'Quam minus ab eveniet qu', 'Excepturi sed dolor. Incidunt ve' );
INSERT INTO ITEM_FORNECIMENTO ( FORNECEDOR, DATA, PRODUTO, ITEM )
	VALUES ( '89.904.897/7066-44', to_date ('2000-12-06', 'YYYY-MM-DD'), 'Pariatur molestiae id archi', 'Eligendi est quas quae consectet' );
INSERT INTO ITEM_FORNECIMENTO ( FORNECEDOR, DATA, PRODUTO, ITEM )
	VALUES ( '10.892.051/5651-35', to_date ('2005-04-01', 'YYYY-MM-DD'), 'Omnis quam totam moll', 'Maiores numquam cumque s' );
INSERT INTO ITEM_FORNECIMENTO ( FORNECEDOR, DATA, PRODUTO, ITEM )
	VALUES ( '92.735.124/8130-58', to_date ('2004-04-18', 'YYYY-MM-DD'), 'Omnis quam totam moll', 'Numquam est sint nemo ab. Ad pra' );
INSERT INTO ITEM_FORNECIMENTO ( FORNECEDOR, DATA, PRODUTO, ITEM )
	VALUES ( '28.178.114/6554-19', to_date ('2013-11-11', 'YYYY-MM-DD'), 'Voluptate earum con', 'Magnam quos commodi a sunt ' );
INSERT INTO ITEM_FORNECIMENTO ( FORNECEDOR, DATA, PRODUTO, ITEM )
	VALUES ( '95.879.771/8279-61', to_date ('2006-09-18', 'YYYY-MM-DD'), 'Ea animi quae eius voluptas c', 'Blanditiis vel qu' );
INSERT INTO ITEM_FORNECIMENTO ( FORNECEDOR, DATA, PRODUTO, ITEM )
	VALUES ( '64.235.816/1372-55', to_date ('2004-04-04', 'YYYY-MM-DD'), 'Pariatur molestiae id archi', 'Eligendi nisi exercitationem ' );
INSERT INTO ITEM_FORNECIMENTO ( FORNECEDOR, DATA, PRODUTO, ITEM )
	VALUES ( '87.460.359/8061-43', to_date ('2006-01-26', 'YYYY-MM-DD'), 'Magnam quis itaque ', 'Alias ratione sed repellat ten' );
INSERT INTO ITEM_FORNECIMENTO ( FORNECEDOR, DATA, PRODUTO, ITEM )
	VALUES ( '10.925.129/8075-63', to_date ('2009-01-06', 'YYYY-MM-DD'), 'Dolores non architecto ', 'Alias ratione sed repellat ten' );
INSERT INTO ITEM_FORNECIMENTO ( FORNECEDOR, DATA, PRODUTO, ITEM )
	VALUES ( '28.178.114/6554-19', to_date ('2013-11-11', 'YYYY-MM-DD'), 'Voluptate earum con', 'Asperiores error' );
INSERT INTO ITEM_FORNECIMENTO ( FORNECEDOR, DATA, PRODUTO, ITEM )
	VALUES ( '28.178.114/6554-19', to_date ('2013-11-11', 'YYYY-MM-DD'), 'Voluptate earum con', 'Aliquam non perspi' );
INSERT INTO ITEM_FORNECIMENTO ( FORNECEDOR, DATA, PRODUTO, ITEM )
	VALUES ( '10.925.129/8075-63', to_date ('2001-10-10', 'YYYY-MM-DD'), 'Et a voluptate doloremque q', 'Incidunt iste fuga ' );
INSERT INTO ITEM_FORNECIMENTO ( FORNECEDOR, DATA, PRODUTO, ITEM )
	VALUES ( '10.925.129/8075-63', to_date ('2009-04-08', 'YYYY-MM-DD'), 'Et a voluptate doloremque q', 'Numquam est sint nemo ab. Ad pra' );
INSERT INTO ITEM_FORNECIMENTO ( FORNECEDOR, DATA, PRODUTO, ITEM )
	VALUES ( '10.892.051/5651-35', to_date ('2005-01-16', 'YYYY-MM-DD'), 'Magnam quis itaque ', 'Fugiat mollitia quis dignissimos' );
INSERT INTO ITEM_FORNECIMENTO ( FORNECEDOR, DATA, PRODUTO, ITEM )
	VALUES ( '10.925.129/8075-63', to_date ('2009-01-06', 'YYYY-MM-DD'), 'Dolores non architecto ', 'Quia sint ipsa debitis ' );
INSERT INTO ITEM_FORNECIMENTO ( FORNECEDOR, DATA, PRODUTO, ITEM )
	VALUES ( '10.925.129/8075-63', to_date ('2009-01-06', 'YYYY-MM-DD'), 'Dolores non architecto ', 'Architecto necessit' );
INSERT INTO ITEM_FORNECIMENTO ( FORNECEDOR, DATA, PRODUTO, ITEM )
	VALUES ( '48.421.197/9047-16', to_date ('2014-05-13', 'YYYY-MM-DD'), 'Dolores non architecto ', 'Numquam est sint nemo ab. Ad pra' );
INSERT INTO ITEM_FORNECIMENTO ( FORNECEDOR, DATA, PRODUTO, ITEM )
	VALUES ( '28.178.114/6554-19', to_date ('2014-02-12', 'YYYY-MM-DD'), 'Magnam quis itaque ', 'Architecto necessit' );
INSERT INTO ITEM_FORNECIMENTO ( FORNECEDOR, DATA, PRODUTO, ITEM )
	VALUES ( '40.129.740/8077-69', to_date ('2014-11-23', 'YYYY-MM-DD'), 'Quam minus ab eveniet qu', 'Error aut temporibus tenetur.' );

/* TABLE NUMBER TOTAL: 25 */
END TRANSACTION;
